,,,
,ОБЩАЯ протяженность ВОЛС,35437.781,
,ВОЛС 2026,20519.873,
,ВОЛС 2027,14917.908000000001,
№п/п,Наименование проекта/Населенный пункт,Ориентировочная протяженность ВОЛС (км),Год 
,% выполнения,,
,«Обеспечение высокоскоростным доступом к сети Интернет Республики Казахстан»,,
1,Туркестанская область,2141.9750000000004,
1.1,Байдибекский район,352.1700000000001,2026
1.1.1,с.Алгабас,12.94,2026
1.1.2,с.Жана Талап,17.447,2026
1.1.3,с.Жулдыз,4.2,2026
1.1.4,с.Жолгабас,10.1,2026
1.1.5,с.Кенес,22.509,2026
1.1.6,с.Туракты,5.56,2026
1.1.7,с.Танатар,9.5,2026
1.1.8,с.Алмалы,4.66,2026
1.1.9,с.Жарыкбас,12.679,2026
1.1.10,с.Амансай,8.7,2026
1.1.11,Ж.Боролдай,3.92,2026
1.1.12,с.Жыланды,9.1,2026
1.1.13,с.Акжар ,3.92,2026
1.1.14,с.Каратас,10.1,2026
1.1.15,с.Сарыбулак ,8.5,2026
1.1.16,с.Талап,7.61,2026
1.1.17,с.Теректи,5.105,2026
1.1.18,с.Туйетас,19.1,2026
1.1.19,с.Кенсай,4.9,2026
1.1.20,с.Кошкар ата,7.41,2026
1.1.21,с.Жиенкум,16.78,2026
1.1.22,с.Саркырама,16.58,2026
1.1.23,с.Жузимдик,22.86,2026
1.1.24,с.Таскудук,18.7,2026
1.1.25,с.Шыбыт,9.31,2026
1.1.26,с.Мынбулак ,9.87,2026
1.1.27,с.Бестогай,14.1,2026
1.1.28,с.Кайнар ,13.2,2026
1.1.29,с.Косбулак,7.3,2026
1.1.30,с.Мадениет,12.35,2026
1.1.31,с.Шукиршак,9.6,2026
1.1.32,с.Акбулак,13.56,2026
1.2,Жетысайский район,228.3,2027
1.2.1,Байтерек (Алимбетов (Жданов),6.45,2027
1.2.2,Жетіқазына (с.Кызыласкер),4.2,2027
1.2.3,с.Жана даур (Целина) ,6.7,2027
1.2.4,с.Бирлик,3,2027
1.2.5,с.Достык,2.4,2027
1.2.6,Алпамыс (с.Женис),7,2027
1.2.7,Кемер (с.Кирпичное) ,12.7,2027
1.2.8,Күрішті (с.Карисауыл),5,2027
1.2.9,Сырабат (с.Ленинабад),2.9,2027
1.2.10,с.Сайлау,6.2,2027
1.2.11,Сұлу бұлақ (с.Чкалов),4.95,2027
1.2.12,с.Тын дала,10.1,2027
1.2.13,С.Еңбек,6.7,2027
1.2.14,Датқа (с.9 мая),3.2,2027
1.2.15,с.Актобе,9.5,2027
1.2.16,с.Алгабас,2.5,2027
1.2.17,с.Коскудык,2.7,2027
1.2.18,с.Карасакал (Юбилейное),6.1,2027
1.2.19,Жалпаққұм (с.Комсомол),4.1,2027
1.2.20,с.Туркебай,2.7,2027
1.2.21,с.Кызыл  ту,3,2027
1.2.22,Алтынкөл (с.Первомайское),4.7,2027
1.2.23,с.Енбекши,5.8,2027
1.2.24,Қостақыр (с.60 лет Казахстан),7.7,2027
1.2.25,с.Алтынсарин,8.5,2027
1.2.26,с.Шолпан кудык ,4.3,2027
1.2.27,Теміржол (с.Железнодорож.),4.4,2027
1.2.28,с.Тын,4.9,2027
1.2.29,с.Агынсай (Енбекши),12.7,2027
1.2.30,с.Алимбетов,4.8,2027
1.2.31,Байдала (с.Жданов),1.2,2027
1.2.32,с.Кобек (Ленин жол),4.3,2027
1.2.33,Ақжайлау (с.Гагарин),1.7,2027
1.2.34,с.Макталы,1.4,2027
1.2.35,с.Молшылык,0.4,2027
1.2.36,Ақбұлақ (с.Киров),3.4,2027
1.2.37,Жетыкубыр (с.Жамбыл),2.25,2027
1.2.38,с.Жазыксай (Амангелды),3.6,2027
1.2.39,с.Ак жайлау,1.7,2027
1.2.40,с.Жагажай (Достык),8.3,2027
1.2.41,Атажұрт,4.35,2027
1.2.42,с.Жайлау кол (Победа),5.1,2027
1.2.43,с.Саркырама (Багарное),0.2,2027
1.2.44,с.Жибек жолы,12,2027
1.2.45,Ғарышкер (с.Гагарин),8.5,2027
1.2,Казыгуртский район ,284.67,2026
1.3.1,с.Аккум ,10.65,2026
1.3.2,с.Жылыбулак ,14.01,2026
1.3.3,с.Женис,6.7,2026
1.3.4,с.Карабастау ,8.2,2026
1.3.5,с.Тилектес ,6.36,2026
1.3.6,с.Кызылбулак ,17.3,2026
1.3.7,с.Угам,33,2026
1.3.8,Заңғар,7.8,2026
1.3.9,с. Сырлысай,6.9,2026
1.3.10,с.Карабау ,8.7,2026
1.3.11,с.Тугыртас,11.9,2026
1.3.12,с. Атажұрт,9.7,2026
1.3.13,с.Амангелди ,26.3,2026
1.3.14,с.Жанаталап,6.6,2026
1.3.15,с.Кызылдала ,18.6,2026
1.3.16,с.Енбек ,6.35,2026
1.3.17,с.Шанак ,13.1,2026
1.3.18,ст.Шанак,11.2,2026
1.3.19,ст.Шанак,5.8,2026
1.3.20,с.Ыза-булак ,29.7,2026
1.3.21,с.Бака-булак,5.8,2026
1.3.22,с.Майлыошак ,5.2,2026
1.3.23,с.Талдыбулак ,9.1,2026
1.3.24,с.Карабау ,5.7,2026
1.3,Келесский район,293.2,2026
1.4.1,с.Жуантобе,7.75,2026
1.4.2,с.Акжар,7.1,2026
1.4.3,с.М.Горький (кендала),2.5,2026
1.4.4,с.Когерту,4.6,2026
1.4.5,с.Кия жол,2.9,2026
1.4.6,с.Куйган ,5.9,2026
1.4.7,с.Тартогай,12.6,2026
1.4.8,с.Тентексай,6.4,2026
1.4.9,Дихан (Садовая),4.8,2026
1.4.10,Косоткел Социализм,2.5,2026
1.4.11,с.Уш агаш,5.7,2026
1.4.12,с.Шырылдак,4.1,2026
1.4.13,Жабай-тобе,3.9,2026
1.4.14,с.Игилик,4.4,2026
1.4.15,с.Ащыкол,11.3,2026
1.4.16,с.Байгабыл,29.5,2026
1.4.17,с.Калгансыр,10.4,2026
1.4.18,с.Майдабозай,13.7,2026
1.4.19,с Аксу,7.9,2026
1.4.20,с.Алгабас,3.6,2026
1.4.21,с.Аманжар,4.4,2026
1.4.22,с.Жана коныс,8.6,2026
1.4.23,с.Бесауыл,4.4,2026
1.4.24,с.Карабура,4.4,2026
1.4.25,с.Кошкарата,4.6,2026
1.4.26,с.Макташы,4.05,2026
1.4.27,с.Ушкын,5.9,2026
1.4.28,с.Шынар,2.1,2026
1.4.29,с.Ошакты,2.9,2026
1.4.30,с.Ата коныс,15.1,2026
1.4.31,с.Енбек,5.65,2026
1.4.32,с.Каратал,3.3,2026
1.4.33,с.Санырау,5.1,2026
1.4.34,Сарыжылға,6.05,2026
1.4.35,Коралас,7,2026
1.4.36,с.Ынталы,6.6,2026
1.4.37,Берекелі (с Целинный),3.6,2026
1.4.38,с Онтустик,5.4,2026
1.4.39,с Бирлесу,2.7,2026
1.4.40,Жетитобе (с.Курбанов),2.8,2026
1.4.41,с.Бакшысай,3.9,2026
1.4.42,с.Куры озек,8.7,2026
1.4.43,с.Мадениет,16.2,2026
1.4.44, с Коммунмзм  (с Ащысай) ,8.2,2026
1.5,Мактааральский район,187.86999999999995,2027
1.5.1,с.Водное (Көксу),70,2027
1.5.2,с.Еркинабад,2.7,2027
1.5.3,с.Жантаксай,6.61,2027
1.5.4,с.Арайлы,9.1,2027
1.5.5,с.Нурлы жол,11.8,2027
1.5.6,с.Шапагат,0.55,2027
1.5.7,с.Азамат,5.83,2027
1.5.8,с.Каракыр ,4.35,2027
1.5.9,Мырзатөбе (с.Макталы),12.2,2027
1.5.10,Өркен (с.Кызыл ту),3.75,2027
1.5.11,с.Ак алтын,3.2,2027
1.5.12,с.Амангелды (Альфараби),3.6,2027
1.5.13,с.Ел коныс,9.38,2027
1.5.14,с.Енбекши,2.95,2027
1.5.15,с.Жулдуз,5.53,2027
1.5.16,с.Азаттык ,5.15,2027
1.5.17,Туран (с.Прогресс),5.72,2027
1.5.18,с.Тулпар ,3.8,2027
1.5.19,с.Бакыт ,5.1,2027
1.5.20,Достық,5.5,2027
1.5.21,с.Рахимов,2.98,2027
1.5.22,с.Азат ,4.17,2027
1.5.23,с.Жана турмыс,3.9,2027
1.4,"Ордабасынский район, Сайрамский район",200.16499999999996,2026
1.6.1,с.Боралдай,8,2026
1.6.2,с.Кызыл сенгир,8.2,2026
1.6.3,с.Карабастау,6.25,2026
1.6.4,с.Кемер,2.73,2026
1.6.5,с.Бирлик,4.63,2026
1.6.6,с.Теспе,2.28,2026
1.6.7,с.Ынтымак,2.21,2026
1.6.8,с.Дихан ,11.5,2026
1.6.9,с.Бейсен,3.22,2026
1.6.10,с.Акжол,2.875,2026
1.6.11,с.Жулдыз,3,2026
1.6.12,с.Ынтымак,3,2026
1.6.13,с.Акпан,5,2026
1.6.14,с.Жанатурмыс ,4.6,2026
1.6.15,с.Мадениет,6.93,2026
1.6.16,с.Макташы,3.84,2026
1.6.17,с.Сарыарык,3.785,2026
1.6.18,с.Аксары,4,2026
1.6.19,с.Арыстанды,6.8,2026
1.6.20,с.Енбекши,4.3,2026
1.6.21,с.Жайылма,2.345,2026
1.6.22,с.Елшибек батыр,4.88,2026
1.6.23,с.Кокарал,4.15,2026
1.6.24,с.Нура,5.86,2026
1.6.25,с.Аккойлы,5.35,2026
1.6.26,с.Жусансай,6,2026
1.6.27,с.Сарытогай,6.53,2026
1.6.28,с.Токсансай,4,2026
1.6.29,с.Сарыарык,9.4,2026
1.6.30,с.Курлык,4,2026
1.6.31,с.Тоган,6.5,2026
1.6.32,с.Бескепе,5.5,2026
1.6.33,с.Айтеке-би,4.5,2026
1.6.34,с.Кызылжар,2.5,2026
1.6.35,с.Оймауыт,8.8,2026
1.6.36,с.М.Оразалиев,6.9,2026
1.6.37,с.Теспе,7.1,2026
1.6.38,с.Шапырашты,3.7,2026
1.6.39,с.Жанатурмыс,2,2026
1.6.40,с.Береке,2,2026
1.6.41,с.Жанатурмыс,1,2026
1.7,"Отырарский район, Шардаринский район",289.46999999999997,2027
1.7.1,с.Самырат (Үштам),6,2027
1.7.2,с.Аккол,4,2027
1.7.3,с.Колкудук,4.37,2027
1.7.4,с.Каргалы,11.7,2027
1.7.5,с.Жанкел,18.5,2027
1.7.6,с.Шенгельды,5.2,2027
1.7.7,с.Ызакол,7.6,2027
1.7.8,Бесторанғыл,4.7,2027
1.7.9,ст.Караконыр,2.5,2027
1.7.10,с.Костуин,5.9,2027
1.7.11,с.Сырдарья (Ызаколь),18.85,2027
1.7.12,с. Мыншукыр,6.5,2027
1.7.13,с.Бестам,5.5,2027
1.7.14,с.Костерек,7.2,2027
1.7.15,с.Сарыкол,2.6,2027
1.7.16,с.Ынталы,5.25,2027
1.7.17,с.Отрабад,33.7,2027
1.7.18,с.Шилик,16.7,2027
1.7.19,с.Ески Шилик,12.9,2027
1.7.20,с.Акшокат,13,2027
1.7.21,с.Шардара,4.2,2027
1.7.22,с.Айдарколь кашары,4.2,2027
1.7.23,с.Басланды,2.7,2027
1.7.24,с.Жоласар,8.3,2027
1.7.25,с.Суткент,10.7,2027
1.7.26,с.Акберди (пшентобе),6.3,2027
1.7.27,с.Бозай,5.2,2027
1.7.28,с.Куйган,2.2,2027
1.7.29,с.Бимурза,53,2027
1.5,Арысский район,243.32,2026
1.8.1,Пакентай Арапов (Енбекши),4.7,2026
1.8.2,Көкжиде,3,2026
1.8.3,Саналы,10.4,2026
1.8.4,Қаражантақ,14.35,2026
1.8.5,Орманды,5.6,2026
1.8.6,Теміржолшы,3.9,2026
1.8.7,Шаян (Қызылкөпір),4,2026
1.8.8,Ақтас,4.6,2026
1.8.9,Бақырша,23,2026
1.8.10,Атамекен (Қожатоғай),23,2026
1.8.11,Тоғансай,8.8,2026
1.8.12,Қожатоғай,17.07,2026
1.8.13,Байтоғай,17,2026
1.8.14,Шөгірлі,18.2,2026
1.8.15,РЗД-42,13.7,2026
1.8.16,РЗД40,9,2026
1.8.17,Бұлақ,22,2026
1.8.18,Дарбаза,35,2026
1.8.19,Жосалы,6,2026
1.6,Сарыагашский район,204.16999999999996,2026
1.10.1,с.Багыс,6.1,2026
1.10.2,с.Жайдак кудык,16.76,2026
1.10.3,с.Таскудык,15.3,2026
1.10.4,с.Курысай,9.1,2026
1.10.5,р.51,14.1,2026
1.10.6,Ердаут,8.15,2026
1.10.7,с.Сарысу,15.1,2026
1.10.8,с.Таскудык,16.8,2026
1.10.9,с.Жана курылыс,3,2026
1.10.10,с.Каракалпак,9.2,2026
1.10.11,с.Кызыласу,13.46,2026
1.10.12,с.Шайхана,11.75,2026
1.10.13,с.Шымырбай,13.9,2026
1.10.14,с.Ак уй,11.5,2026
1.10.15,с.Келес,4.95,2026
1.10.16,с.Култума,12.2,2026
1.10.17,с.Орта тобе (Береке),3.7,2026
1.10.18,с.Зах,1,2026
1.10.19,с.Тынтобе,2,2026
1.10.20,с.Коктал,16.1,2026
1.7,Сауранский район,172.20000000000002,2026
1.11.1,Құмайлықас,10.9,2026
1.11.2,Үлгілі,5,2026
1.11.3,30-разъезд,23.5,2026
1.11.4,с.Машкур Жусуп,23,2026
1.11.5,Ойык,22,2026
1.11.6,с Құмтүйін ,7.35,2026
1.11.7,Каражон,8.6,2026
1.11.8,Жалаңтөс ,2.65,2026
1.11.9,С.Қожанов,2.9,2026
1.11.10,Шоктас,13.5,2026
1.11.11,Бершінтобе,13.3,2026
1.11.12,Егизкара,39.5,2026
1.12,Созакский район,360.36,2027
1.12.1,с.Абай ,13.2,2027
1.12.2,с.Балдысу ,20.26,2027
1.12.3,с.Карабулак ,7,2027
1.12.4,с.Жуантобе ,66.5,2027
1.12.5,с. Кызылбайрак(ран) ,18.7,2027
1.12.6,с. Шага ,3.3,2027
1.12.7,с. Аксумбе ,34,2027
1.12.8,с. Бакырлы ,8.7,2027
1.12.9,с. Саржаз ,20,2027
1.12.11,с. Кызыл кол ,3.3,2027
1.12.12,п.Кыземшек ,61,2027
1.12.14,с.Ы.Жаукебаев,20.9,2027
1.12.15,с. Сызган ,6,2027
1.12.16,с. Басбулак ,5.3,2027
1.12.17,с.Кайнар ,8.2,2027
1.12.18,с. Тасты ,36,2027
1.12.19,с.Шу ,28,2027
1.8,Толебийский район,162.83,2026
1.13.1,с.Жанауюм,7.16,2026
1.13.2,с.Корган,3.8,2026
1.13.3,с.Косагаш ,6.65,2026
1.13.4,с.Нысанбек,7.7,2026
1.13.5,с.Бургулюк,8.4,2026
1.13.6,с.Шубарагаш ,6.45,2026
1.13.7,с.Бейнеткеш ,8.5,2026
1.13.8,с.Жанакуш,3.6,2026
1.13.9,с.Уюмшыл,21,2026
1.13.10,с.Каратобе,13.1,2026
1.13.11,с.Каракия ,6.35,2026
1.13.12,с.Алтынбастау,7.25,2026
1.13.13,с.Жинишке,10.69,2026
1.13.14,с.Верх Каскасу,9.65,2026
1.13.15,с.Керегетас ,8.33,2026
1.13.16,с.Алшалы ,13.2,2026
1.13.17,с.Жамбыл ,3.05,2026
1.13.18,с.Онтустик,12.75,2026
1.13.19,с.Жанатурмыс ,2.4,2026
1.13.20,с. Шатыртобе,2.8,2026
1.9,Тюлькубасский район,229.25,2026
1.14.1,с.Бакыбек,4.8,2026
1.14.2,с.Сартор,9.4,2026
1.14.3,с.Абай,10,2026
1.14.4,с.Кокбулак,10.1,2026
1.14.5,с.Шарафкент,9,2026
1.14.6,с.Абаил,10,2026
1.14.7,с.Жанузак,10.4,2026
1.14.8,с.Рыскул,5.7,2026
1.14.9,с.Пистели ,9,2026
1.14.10,с.Даубаба -2,11.2,2026
1.14.11,с.Жиынбай,5.5,2026
1.14.12,с.Даубаба -1 (Сесловина),11.2,2026
1.14.13,с.Кемербастау,6.2,2026
1.14.14,с.Алгабас,4.2,2026
1.14.15,а.М.Жаримбетов,4.4,2026
1.14.16,с.Елтай,6.8,2026
1.14.17,с.Кумисбастау,6.1,2026
1.14.18,с.Майлыкент,5.2,2026
1.14.19,с.Енбек,5.8,2026
1.14.20,с.Енбекши,6.6,2026
1.14.21,с.К-бастау,1,2026
1.14.22,а.Таусағыз,2.5,2026
1.14.23,с.Кожамберды,6.55,2026
1.14.24,с.Жанаталап,6.3,2026
1.14.25,а.Тастыбұлақ,6.7,2026
1.14.26,с.Келтемашат,4.2,2026
1.14.27,с.Кызылту,1.7,2026
1.14.28,с.Амангелды,4.3,2026
1.14.29,с.Жыланды,6.6,2026
1.14.30,с.Кабанбай,5.5,2026
1.14.31,с.Ирсу,13.5,2026
1.14.32,р.114,4.8,2026
1.14.33,р.115,3,2026
1.14.34,с.Когалы,1,2026
1.14.35,с.Карабастау,10,2026
2,Жамбылская область,759,
2.1,"Жамбылский район, Байзакский район",264,2026
2.1.1,Рахат,7,2026
2.1.2,Қаратау,19,2026
2.1.3,Әулиекөл,15,2026
2.1.4,Шоқай,8,2026
2.1.5,Қапал,12,2026
2.1.6,Қоңыртбе,в составе г. Тараз,2026
2.1.7,Танты,в составе г. Тараз,2026
2.1.8,Еңбек,5,2026
2.1.9,Жамбыл,8,2026
2.1.10,Қостөбе,8,2026
2.1.11,Құмтиын,7,2026
2.1.12,Шайдана,6,2026
2.1.13,Тоғызтарау,7,2026
2.1.14,Жаңаөткел,10,2026
2.1.15,Қызылдихан,4,2026
2.1.16,Сеңгірбай,6,2026
2.1.17,Кемел,в составе г. Тараз,2026
2.1.18,Көлқайнар,5,2026
2.1.19,Құмсуат,24,2026
2.1.20,Базарбай ,14,2026
2.1.21,Ботамойнақ,6,2026
2.1.22,Жеңіс,9,2026
2.1.23,Аққия,5,2026
2.1.24,Төрткүл,6,2026
2.1.25,Жаңатұрмыс,8,2026
2.1.26,Жібек жолы ,4,2026
2.1.27,Тегістік,8,2026
2.1.28,Талас ст.,в состав г. Тараз,2026
2.1.29,Сеңкібай,3,2026
2.1.30,Көкөзек,7,2026
2.1.31,Қарасу,9,2026
2.1.32,Ақтөбе,7,2026
2.1.33,Жаңасаз,5,2026
2.1.34,с.Сарыбарак,3,2026
2.1.35,с.Аймантобе,5,2027
2.1.36,Қайнар рзд.,8,2026
2.1.37,Төрегелді,6,2026
2.2,Жуалинский район,275,2026
2.2.1,Дихан,6,2026
2.2.2,Бәйтерек,6,2026
2.2.3,Жаңаталап,4.5,2026
2.2.4,Ақтоған,7,2026
2.2.5,Дарбаза,8,2026
2.2.6,Жылыбұлақ,4,2026
2.2.7,Әбдіқадыр,18,2026
2.2.8,Көлтоған,5.5,2026
2.2.9,Ертай,14,2026
2.2.10,Рысбек батыр,15,2026
2.2.11,Кәріқорған,4,2026
2.2.12,Қоңыртөбе,10,2026
2.2.13,Қосмұрат,5.5,2026
2.2.14,Майбұлақ,4.5,2026
2.2.15,Тасбастау,7,2026
2.2.16,Шыңбұлақ,16,2026
2.2.17,Бақалы,5,2026
2.2.18,Көктөбе,4.5,2026
2.2.19,Қосбөлтек,4.5,2026
2.2.20,Күреңбел,8,2026
2.2.21,Қаратас,8,2026
2.2.22,Ақбастау,7,2026
2.2.23,Жүрімбай,7,2026
2.2.24,Қарасу,3.5,2026
2.2.25,Көктас,6.5,2026
2.2.26,Қошқарата,5.5,2026
2.2.27,Ақтасты,13,2026
2.2.28,Қызтоған,7,2026
2.2.29,Тәттібай Дүйсебайұлы,9.5,2026
2.2.30,Ынтымақ,6,2026
2.2.31,Қызыларық,2,2026
2.2.32,Ақтөбе,8,2026
2.2.33,Алатау,10,2026
2.2.34,Терісащыбұлақ,5,2026
2.2.35,Көлбастау,5,2026
2.2.36,Талапты,10,2026
2.2.37,Амансай,5,2026
2.3,Кордайский район,188,2027
2.3.1,Көкадыр,13,2027
2.3.2,Мұзбел,7,2027
2.3.3,Бәйтерек,10,2027
2.3.4,Соғанды,37,2027
2.3.5,Керу,22,2027
2.3.6,Еңбек,38,2027
2.3.7,Қарасу,3,2027
2.3.8,Күнбатыс 1,9,2027
2.3.9,Күнбатыс 2,6,2027
2.3.10,Сарыбастау,7,2027
2.3.11,Шарбақты,15,2027
2.3.12,Көктөбе,21,2027
2.3,Меркенский район,220,2026
2.4.1,Ақкөз-Қайнар ,16,2026
2.4.2,Алтынарық ,9,2026
2.4.3,Кентай ,5,2026
2.4.4,Қазақдихан ,10,2026
2.4.5,Тұрлыбай батыр ,19,2026
2.4.6,Талдыбұлақ уч. ,10,2026
2.4.7,Қызылсай ,13,2026
2.4.8,Мыңқазан,6,2026
2.4.9,Жауғаш ,34,2026
2.4.10,Аралкишлак ,7,2026
2.4.11,Аққайнар ,6,2026
2.4.12,Тескентоған ,5,2026
2.4.13,Беларық ,9,2026
2.4.14,Ақжол ,36,2026
2.4.15,Қайыңдысай ,6,2026
2.4.16,Құмарық ,6,2026
2.4.17,Меркі шипажайы ,9,2026
2.4.18,Маханды ,14,2026
2.5,Мойынкумский район,139,2027
2.5.1,Сарыөзек ,14,2027
2.5.2,Көкжелек ,10,2027
2.5.3,А.Hазарбекова  ,6,2027
2.5.4,Күшаман ,4,2027
2.5.5,Ұланбел ,97,2027
2.5.6,Бурылбайтал ,5,2027
2.5.7,Бурылбайтал ст. ,3,2027
2.6,"Сарысусский район, Таласский район ",201.5,2027
2.6.1,Қызылдикан ,9,2027
2.6.2,Маятас,4,2027
2.6.3,Ұзақбай Сыздықбаев ,3,2027
2.6.4,Әшір Бүркітбаев ,19,2027
2.6.5,Арыстанды(Буденное) ,15,2027
2.6.6,Үшбас ,9,2027
2.6.7,Майлыкөл ,5,2027
2.6.8,с.Әбілда(с.Ушарал),5,2027
2.6.9,Досбол ,6,2027
2.6.10,Шағалалы ,24,2027
2.6.11,Көкдала-кіші,14,2027
2.6.12,Актам,12,2027
2.6.13,Кокдала-улкен,8.5,2027
2.6.14,Көшек батыр ,5,2027
2.6.15,Қараой ,22,2027
2.6.16,Ақтөбе ,11,2027
2.6.17,с.Турумкул,4,2027
2.6.18,Арал ,7,2027
2.6.19,Қайыр ,10,2027
2.6.20,Талапты ,7,2027
2.6.21,Тамабек (Амангелді),2,2027
2.7,Турар Рыскуловский район,205,2027
2.7.1,Шеңгер ,8,2027
2.7.2,Көкарық ,10,2027
2.7.3,Малдыбай ,11,2027
2.7.4,Жалпақсаз,7,2027
2.7.5,Қазақ ,7,2027
2.7.6,Тасшолақ ,6,2027
2.7.7,Мамай-Қайыңды ,8,2027
2.7.8,Бәйтелі ,9,2027
2.7.9,Қызылшаруа ,15,2027
2.7.10,Әбілқайыр ,29,2027
2.7.11,с.Салимбай Прманов,7,2027
2.7.12,Көкарық ,7,2027
2.7.13,Шолақ-Қайыңды ,8,2027
2.7.14,Сөгеті ,12,2027
2.7.15,Мамыртөбе ,33,2027
2.7.16,Құмарық ст. ,12,2027
2.7.17,Сұңқайты ,16,2027
2.8,Шуский район,178,2027
2.8.1,Жайсан,4,2027
2.8.2,Сауытбек ,9,2027
2.8.3,Бөлтірік ,10,2027
2.8.4,Еңбекші ,4,2027
2.8.5,Тасөткел ,12,2027
2.8.6,Жиделі ,26,2027
2.8.7,Еспе ст. ,42,2027
2.8.8,Еңбек,8,2027
2.8.9,Жиенбет,6,2027
2.8.10,Тасөткел,5,2027
2.8.11,Аспара ст.,33,2027
2.8.12,с.Кокжиек,5,2027
2.8.13,рзд. Кумозек,14,2027
3,Область Ұлытау,583.5999999999999,
3.1,Жанааркинский район,177.10000000000002,2026
3.1.1,Атасу,3.2,2026
3.1.2,ст.Мынадыр,7.7,2026
3.1.3,с.Байгул,40,2026
3.1.4,с.Актайлак,5.8,2026
3.1.5,рзд.69 км,3.3,2026
3.1.6,с.Акбастау,6.7,2026
3.1.7,ст.Жомарт,9.4,2026
3.1.8,рзд.189 км,6.7,2026
3.1.9,Лесхоз Караагаш,3,2026
3.1.10,с.Орынбай,26,2026
3.1.11,с.Карамола,0.5,2026
3.1.12,рзд.117 км,9.4,2026
3.1.13,с.Алгабас,1.4,2026
3.1.14,с.Бидайык,6.5,2026
3.1.15,Акшагат,3.5,2026
3.1.16,с.Клыч,26,2026
3.1.17,с.Уркендеу,18,2026
3.2,"Ұлытауский район, район Жезказган",406.49999999999994,2026
3.2.1,пос.Актас ,22,2026
3.2.2,с.Пионер,8.15,2026
3.2.3,с.Борсенгир,22.5,2026
3.2.4,с.Егинди,48,2026
3.2.5,с. Кызылуй,3,2026
3.2.6,с.Сарлык,33.05,2026
3.2.7,с.Коргасын ,32.1,2026
3.2.8,с.Косколь,162,2026
3.2.9,с.Терисаккан,42.3,2026
3.2.10,с.Корганбай,31.5,2026
3.2.11,с.Түйемойнақ,1.9,2026
4,Кызылординская область,286.9,
4.1,"Жалагашский район, Сырдарьинский район",105.9,2026
4.1.1,с.Аккыр,36,2026
4.1.2,с.Далдабай,11.5,2026
4.1.3,с.Жанаконыс,4.5,2026
4.1.4,с.Инкардарья,47,2026
4.1.5,с.Инкардарья,6.9,2026
4.2,"Жанакорганский район, Шиелийский район",181,2026
4.2.1,с.Билибай,4,2026
4.2.2,с.Коктобе,17.5,2026
4.2.3,с.Кашканколь,59.5,2026
4.2.4,р.21,14.5,2026
4.2.5,с.Жансеит,17.5,2026
4.2.6,с.Бирказан,20,2026
4.2.7,с.1 Мамыр,8,2026
4.2.8,с.Берлистик бывш с.Жаназар батыр,14,2026
4.2.9,с.Кызылкайын,26,2026
4.3,"Казалинский район, Кармакшинский район",203.6,2027
4.3.1,с.Шитубек,10,2027
4.3.2,ст.Кубек,14,2027
4.3.3,рзд.Алтай,8.1,2027
4.3.4,рзд.Ойында,10.1,2027
4.3.5,с.Каукей,31,2027
4.3.6,с.Майлыбас,30,2027
4.3.7,с.Лакалы,23,2027
4.3.8,с.Уйрек,3.2,2027
4.3.9,с.Шолкум,38,2027
4.3.10,с.Торебай би,28.2,2027
4.3.11,с.Ирколь,8,2027
4.4,Аральский район,413.3,2027
4.4.1,с.Жинишкекум,87,2027
4.4.2,с.Аманоткел ,39,2027
4.4.3,с.Аккулак,23.7,2027
4.4.4,с.Карашалан,35.6,2027
4.4.5,с.Жанакурылыс,26.8,2027
4.4.6,с.Кумбазар,10,2027
4.4.7,с.Токабай,36.5,2027
4.4.8,с.Раим,25,2027
4.4.9,с.Еримбетжага,34,2027
4.4.10,с.Каратерен,7,2027
4.4.11,с.Жанаконыс,5.3,2027
4.4.12,с.Тастак,14.4,2027
4.4.13,с.Щомишколь,36.8,2027
4.4.14,рзд.86 Жалгызагаш,17,2027
4.4.15,с.Хан,8.2,2027
4.4.16,рзд.92,6,2027
4.4.17,рзд.87 Алтыкудык,1,2027
5,Атырауская область,332.44000000000005,
5.1,"Кзылкогинский район, Махамбетский район, Исатайский район, Курмангазинский район (нету в графике с Айдын - 8,2км, Wi-Fi public)",332.44000000000005,2026
5.1.1,с.Буйрек,7.3,2026
5.1.2,с.Коскулак,4.5,2026
5.1.3,с.Сарыкумак,12.3,2026
5.1.4,с.Таскудук,20.7,2026
5.1.5,с.Аккора,16.4,2026
5.1.6,с.Кенбай,18.3,2026
5.1.7,с.Когам,8.5,2026
5.1.8,с.Коныраулы,12,2026
5.1.9,с.Коздикора,13.5,2026
5.1.10,с.Бала Ораза,4.6,2026
5.1.11,с.Томан,11,2026
5.1.12,с. Жана Жанбай,9.8,2026
5.1.13,с.Айбас,2.92,2026
5.1.14,с.Кызылуй,32,2026
5.1.15,с.Азгир,26.8,2026
5.1.16,с.Коныртерек,24.8,2026
5.1.17,с.Балыкши,0.12,2026
5.1.18,с.Шагырлы,8.7,2026
5.1.19,с.Иманово,0.7,2026
5.1.20,с.Жамбыл,8.9,2026
5.1.21,с.Батырбек,21.2,2026
5.1.22,с.Егинкудук,7.1,2026
5.1.23,с.Жасталап,9.3,2026
5.1.24,с.Каспий,7,2026
5.1.25,с.Шестой,5.8,2026
5.1.26,с.Большой Куйген,5.9,2026
5.1.27,с.Жасарал,5.3,2026
5.1.28,с.Караколь,4.3,2026
5.1.29,с.Кумаргали,4.5,2026
5.1.30,с.Даулет,4.5,2026
5.1.31,с.Шайхы,5.5,2026
5.1.32,с.Айдын,8.2,2026
6,Область Абай,1434.8,
6.1,"Абайский район, район Жанасемей",399.3,2026
6.1.1,с.Орда,12,2026
6.1.2,с.Медеу,52,2026
6.1.3,с.Сарыжал,55,2026
6.1.4,с.Айнабулак,33,2026
6.1.5,с.Мурат,8,2026
6.1.6,с.Кокентау ,15,2026
6.1.7,с.Кыземшек,48,2026
6.1.8,с.Булак,3.3,2026
6.1.9,с.Климентьевка,12,2026
6.1.10,с.Талица,15,2026
6.1.11,с.Гранитное,1,2026
6.1.12,с.Жаркын,8,2026
6.1.13,с.Самай,9,2026
6.1.14,с.Танат,72,2026
6.1.15,с.Жазык,29,2026
6.1.16,с.Караколь,9,2026
6.1.17,с.Половинка,14,2026
6.1.18,с.Муздыбай,4,2026
6.2,Аягозский район,228.8,2027
6.2.1,с.Доненбай,35,2027
6.2.2,с.Акклет,6.5,2027
6.2.3,с.Акшаули,8.5,2027
6.2.4,с.Акши,16,2027
6.2.5,с.Караагаш,15,2027
6.2.6,с.Ай,15,2027
6.2.7,с.Кенколат,22,2027
6.2.8,с.Сарыарка,30,2027
6.2.9,с.Тарбагатай,36,2027
6.2.10,с.Малтугел,8,2027
6.2.11,с.Коксала,8.5,2027
6.2.12,с.Карабулак,6.5,2027
6.2.13,с.Старое Майлино,6.5,2027
6.2.14,с.Каражал,15.3,2027
6.2,Бескарагайский район,359,2026
6.3.1,с.Карагайлы,17,2026
6.3.2,с.Башкуль,22,2026
6.3.3,с. Букебай,7,2026
6.3.4,Бегенский лесхоз,4,2026
6.3.5,с.Белокаменка,12,2026
6.3.6,с.Джеланды,7,2026
6.3.7,с.Стеклянка,1,2026
6.3.8,с.Долонь,38,2026
6.3.9,с.Мостик,23,2026
6.3.10,с.Карамырза,9,2026
6.3.11,с.Бозтал,17,2026
6.3.12,с.Ондирис,19,2026
6.3.13,с.Кривинка,38,2026
6.3.14,с.Ерназар,7,2026
6.3.15,с.Коянбай,24,2026
6.3.16,Морозовский лесхоз,35,2026
6.3.17,с.Старая Крепость,6,2026
6.3.18,с.Бирлик,15,2026
6.3.19,с.Черемушка,7,2026
6.3.20,с.Лесное,51,2026
6.3,Бородулихинский район,239.5,2026
6.4.1,с.Успенка,9,2026
6.4.2,с.Жерновка,13,2026
6.4.3,с.Зубаир,23,2026
6.4.4,с. Красный Яр ,10,2026
6.4.5,с.Уба-Форпост,26,2026
6.4.6,с.Жарбулак,9,2026
6.4.7,с.Ивановка,3.5,2026
6.4.8,с.Ақши,18,2026
6.4.9,с.Переменовка,9,2026
6.4.10,с.Андроновка,8,2026
6.4.11,с.Орловка,8,2026
6.4.12,с. Шелохово,6.5,2026
6.4.13,с.Буркотово,28,2026
6.4.14,с.Сохновка,11.5,2026
6.4.15,с.Знаменка,1.5,2026
6.4.16,Подхоз Березовка,2.5,2026
6.4.17,с.Солоновка,7.5,2026
6.4.18,с.Орловка,26,2026
6.4.19,с.Карагайлы,10,2026
6.4.20,с.Поднебесное,8.5,2026
6.4.21,с.Ремки,1,2026
6.4,Жарминский район,437,2026
6.5.1,с.Кошек,24,2026
6.5.2,с.Сарыарка,5.2,2026
6.5.3,с.Батыр Капай,4,2026
6.5.4,с.Белтерек,39,2026
6.5.5,с.8 Марта,4,2026
6.5.6,с.Каражал,4,2026
6.5.7,с.Укили,10,2026
6.5.8,с.Бирлик,3.7,2026
6.5.9,с.Сулусары,3.7,2026
6.5.10,с.Малай,28,2026
6.5.11,с.Егинбулак,28,2026
6.5.12,с.Киши Карасу,20,2026
6.5.13,с.Конырбиик,24,2026
6.5.14,с.Каратобе,5.7,2026
6.5.15,с.Ади,21,2026
6.5.16,с.Кентарлау,3.6,2026
6.5.17,с.Кызылагаш,38,2026
6.5.18,с.Жайма,24,2026
6.5.19,с.Узунжал,62,2026
6.5.20,с.Ортабулак,5.5,2026
6.5.21,с.Акжал,10.3,2026
6.5.22,с.Солнечное,1.8,2026
6.5.23,с.Төлеуғали Әбдібекова,3.5,2026
6.5.24,с.Аскаралы,12,2026
6.5.25,с.Теристанбалы,21,2026
6.5.26,с.Жарик,31,2026
6.6,Кокпектинский район,195.14999999999998,2027
6.6.1,с.Ажа,6,2027
6.6.2,с.Шариптогай,7,2027
6.6.3,с.Толагай,6.4,2027
6.6.4,с.Акой,6.2,2027
6.6.5,с.Карамойыл,5.8,2027
6.6.6,с.Укиликыз,9.4,2027
6.6.7,с.Бигаш,37,2027
6.6.8,с.Тассай,21,2027
6.6.9,с.Ушкумей,13,2027
6.6.10,с.Теректы,9.3,2027
6.6.11,с.Ульгули-Малши,10,2027
6.6.12,с.Мамай,14.5,2027
6.6.13,с.Шугылбай,22,2027
6.6.14,с.Актас,9.1,2027
6.6.15,с.Жалсары,0.75,2027
6.6.16,с.Черноярка,1.5,2027
6.6.17,с.Сулеймен,4,2027
6.6.18,с.Нура,6.5,2027
6.6.19,с.Мелитополь,5.7,2027
6.7,район Аксуат,136.1,2027
6.7.1,с.Кызылкесек,54,2027
6.7.2,с.Сатпаев,5.1,2027
6.7.3,с.Коктубек,12,2027
6.7.4,с.Сулутал,24,2027
6.7.5,с.Кожакельды,13,2027
6.7.6,с.Кокбастау,19,2027
6.7.7,с.Егиндибулак,9,2027
6.8,район Маканшы,136.2,2027
6.8.1,с.Кызылжулдуз,7,2027
6.8.2,с.Коктерек,24,2027
6.8.3,с.Кайынды,10,2027
6.8.4,с.Кызылбулак,10,2027
6.8.5,с.Қарабұта,27,2027
6.8.6,с.Барлыкарасан,25,2027
6.8.7,с.Бекет,1.2,2027
6.8.8,с.Бугубай,8,2027
6.8.9,с.Подгорное,24,2027
6.9,Урджарский район,221,2027
6.9.1,с.Кызылту,12.5,2027
6.9.2,с.Амангельды,6.5,2027
6.9.3,с.Карамойыл,11.3,2027
6.9.4,с.Акшокы,29,2027
6.9.5,с.им.Айтбая,3.3,2027
6.9.6,с.Лайбулак,6.7,2027
6.9.7,с.Текебулак,4,2027
6.9.8,с.Казымбет,14,2027
6.9.9,с. Ер-Кабанбай,7,2027
6.9.10,с.Тасарык,3.2,2027
6.9.11,с.Сагат,18,2027
6.9.12,с.Малак,7,2027
6.9.13,с.Благодатное,11.5,2027
6.9.14,с.Некрасовка,8.5,2027
6.9.15,с.Батпакты,21,2027
6.9.16,с.Сегизбай,21,2027
6.9.17,с.Карабуйрат,17,2027
6.9.18,с.Бургон,15,2027
6.9.19,ферма 1 Абай,4.5,2027
7,Северо-Казахстанская область,1466.46,
7.1,Акжарский район,248.7,2027
7.1.1,с.Казанское,18.3,2027
7.1.2,с.Ульгили,8,2027
7.1.3,с.Айсаринское,39.9,2027
7.1.4,с.Восходское,36.7,2027
7.1.5,с.Кенащы,10.5,2027
7.1.6,с.Байтус,18.6,2027
7.1.7,с.Карашилик,10,2027
7.1.8,с.Майское,4.5,2027
7.1.9,с.Баймырза,22.4,2027
7.1.10,с.Аксары,79.8,2027
7.1,Аккайынский район,105.5,2026
7.2.1,с.Аралагаш,12.5,2026
7.2.2,с.Безлесное,9.9,2026
7.2.3,с.Кенжегалы,6,2026
7.2.4,с.Дайындык,13.3,2026
7.2.5,с.Камышлово,11.8,2026
7.2.6,с.Тюменка,8.7,2026
7.2.7,с.Степное,10.5,2026
7.2.8,с.Южное,12.3,2026
7.2.9,с.Добровольское,5.8,2026
7.2.10,с.Каратомар,1,2026
7.2.11,с.Коктерек,0.5,2026
7.2.12,с.Кучковка,13.2,2026
7.2,Есильский район,296.49999999999994,2026
7.3.1,с.Орнек,5.5,2026
7.3.2,с.Жаркайын,6.3,2026
7.3.3,с.Мектеп,35,2026
7.3.4,с.Бескудук,2.2,2026
7.3.5,с.Черуновка,36.5,2026
7.3.6,с.Булак,8.2,2026
7.3.7,с.Актас,24,2026
7.3.8,с.Ивано-Петровка,5.1,2026
7.3.9,с.Лузинка,42.3,2026
7.3.10,с.Горное,5.2,2026
7.3.11,с.Караагаш,25,2026
7.3.12,с.Советское,3.7,2026
7.3.13,с.Бирлик,6.7,2026
7.3.14,с.Есильское,17.2,2026
7.3.15,с.Мальцево,1.7,2026
7.3.16,с.Спасовка,3.3,2026
7.3.17,с.Тауагаш,33.4,2026
7.3.18,с.Тарангул,7,2026
7.3.19,с.Двинск,3,2026
7.3.20,с.Стрельниковка,3,2026
7.3.21,с.Карагай,0.5,2026
7.3.22,с.Каратал,18.7,2026
7.3.23,с.Енбек,3,2026
7.4,Жамбылский район,188.90000000000003,2027
7.4.1,с.Архангелка,13.1,2027
7.4.2,с.Айтуар,15,2027
7.4.3,с.Майбалык,12.8,2027
7.4.4,с.Жамбыл,7,2027
7.4.5,с.Есперли,10,2027
7.4.6,с.Миролюбово,8.9,2027
7.4.7,с.Святодуховка,19.6,2027
7.4.8,с.Жанажол,18,2027
7.4.9,с.Мирное,18.9,2027
7.4.10,с.Айымжан,3,2027
7.4.11,с.Узынколь,4.8,2027
7.4.12,с.Петровка,2.6,2027
7.4.13,с.Бауманское,4.8,2027
7.4.14,с.Пресноредуть,14.5,2027
7.4.15,с.Екатериновка,3,2027
7.4.16,с. Нурымбет,4,2027
7.4.17,с.Макарьевка,4.3,2027
7.4.18,с.Сенжарка,1.5,2027
7.4.19,с.Каракамыс,9.9,2027
7.4.20,с.Кабань,13.2,2027
7.3,Кызылжарский район,275.8,2026
7.5.1,с.Гончаровка,3,2026
7.5.2,с.Ташкентка,6.5,2026
7.5.3,с.Долматово,41.8,2026
7.5.4,с.Красноярка,5.3,2026
7.5.5,с.Кустовое,5.6,2026
7.5.6,с.Сумное,18,2026
7.5.7,с.Вознесенка,11.7,2026
7.5.8,с.Надежка,4.2,2026
7.5.9,с.Приишимка,3.8,2026
7.5.10,с.Подгорное,6.3,2026
7.5.11,с.Чапаево,3,2026
7.5.12,с.Глубокое,13.6,2026
7.5.13,с.Дубровное,15.4,2026
7.5.14,с.Новоалександровка,26,2026
7.5.15,с.Трудовое,4.2,2026
7.5.16,с.Боровское,3.4,2026
7.5.17,с.Затон,12,2026
7.5.18,с.Кривоозерка,2.3,2026
7.5.19,с.Водопроводное,5.4,2026
7.5.20,с.Красная Горка,4,2026
7.5.21,с.Семипалатное,3.3,2026
7.5.22,с.Байсал,7.5,2026
7.5.23,с.Метлишино,4.3,2026
7.5.24,с.Вишневка,9.8,2026
7.5.25,с.Вознесенка,12,2026
7.5.26,с.Ольшанка,11.5,2026
7.5.27,с.Михайловка,2.5,2026
7.5.28,с.Барневка,2.6,2026
7.5.29,с.Желяково,26.5,2026
7.5.30,с.Карлуга,0.3,2026
7.4,Мамлютский район,158.25999999999996,2026
7.6.1,с.Бостандык,2.6,2026
7.6.2,с.Искра,11.5,2026
7.6.3,с.Становое,2.9,2027
7.6.4,с.Михайловка,25,2026
7.6.5,с.Новодубровное,3.8,2026
7.6.6,с.Беловка,14.4,2026
7.6.7,с.Кызыласкер,24.5,2026
7.6.8,с.Степное,2.66,2026
7.6.9,с.Бексеит,4.4,2026
7.6.10,с.Чистое,8.9,2026
7.6.11,с.Щучье,35.3,2026
7.6.12,с.Калугино,3.6,2026
7.6.13,с.Токаревка,18.7,2026
7.7,район им. Г.Мусрепова,188.5,2027
7.7.1,с.Старобелка,4.4,2027
7.7.2,с.Возвышенка,11,2027
7.7.3,с.Чернозубовка,36.8,2027
7.7.4,с. Кокалажар,15,2027
7.7.5,с.Сокологоровка,29.7,2027
7.7.6,с.Ефимовка,9.3,2027
7.7.7,с.Березовка,2.5,2027
7.7.8,с.Сарыадыр,11,2027
7.7.9,с.Чернобаевка,2.7,2027
7.7.10,с.Салкынколь,16.2,2027
7.7.11,с.Токты,3.5,2027
7.7.12,с.Ковыльное,2.5,2027
7.7.13,с.Гаршино,16,2027
7.7.14,с.Ялты,4.3,2027
7.7.15,с.Разгульное,9,2027
7.7.16,с.15 лет Казахстана,14.6,2027
7.5,район им. М. Жумабаева,354.09999999999997,2026
7.8.1,с.Достық,13.5,2026
7.8.2,с.Веселовка,13.8,2026
7.8.3,с.Александровка,14.4,2026
7.8.4,с.Конюхово,23.6,2026
7.8.5,с.Куломзино,23,2026
7.8.6,с.Образец,3.5,2026
7.8.7,с.Чистое,9.6,2026
7.8.8,с.Куралай,8.9,2026
7.8.9,с.Жастар,3.2,2026
7.8.10,с.Сарытомар,42.5,2026
7.8.11,с.Бинаш,18.3,2026
7.8.12,с.Еремеевка,3,2026
7.8.13,с.Ногайбай,19.8,2026
7.8.14,с.Хлебороб,5.8,2026
7.8.15,с.Гаврино,42.6,2026
7.8.16,с.Ганькино,23.6,2026
7.8.17,с.Придорожное,2.5,2026
7.8.18,с.Таманское,13.9,2026
7.8.19,с.Пулеметовка,7,2026
7.8.20,с.Майбалык,18,2026
7.8.21,с.Сулышок,11.9,2026
7.8.22,с.Шандак,3.7,2026
7.8.23,с.Новотроицкое,5.1,2026
7.8.24,с.Береке ,6.2,2026
7.8.25,с.Тищенко,8.4,2026
7.8.26,с.Пролетарка,8.3,2026
7.9,район Шал акына,254.89999999999998,2027
7.9.1,с.Двойники,2.1,2027
7.9.2,с.Каратал,4.4,2027
7.9.3,с.Жалтыр,29.1,2027
7.9.4,с. Мерген,2.8,2027
7.9.5,с.Жанаталап,40.8,2027
7.9.6,с.Кенес,32.1,2027
7.9.7,с.Алкаагаш,10.1,2027
7.9.8,с.Ровное,5,2027
7.9.9,с.Социал,21.5,2027
7.9.10,с.Аксу,7.6,2027
7.9.11,с.Енбек,26,2027
7.9.12,с.Жанасу,2.8,2027
7.9.13,с.Бирлик,6,2027
7.9.14,с.Меней,7,2027
7.9.15,с.Астаган,2.2,2027
7.9.16,с.Ступинка,4.3,2027
7.9.17,с.Ольгинка,15,2027
7.9.18,с.Белоградовка,11.6,2027
7.9.19,с.Куприяновка,16,2027
7.9.20,с.Рясинка,8.5,2027
7.6,Тайыншинский район,276.30000000000007,2026
7.10.1,с.Калиновка,8,2026
7.10.2,с.Константиновка,3,2026
7.10.3,с.Амандык,6.4,2026
7.10.4,с.Жанадаур,12.4,2026
7.10.5,с.Ильичевка,18.8,2026
7.10.6,с.Новоприречное,3.4,2026
7.10.7,с.Иван-город,8,2026
7.10.8,с.Новогречановка,12.3,2026
7.10.9,с.Степное,12,2026
7.10.10,с.Южное,7.3,2026
7.10.11,с.Агроном,8.9,2026
7.10.12,с.Мадениет,10.7,2026
7.10.13,с.Подлесное,2.2,2026
7.10.14,с.Виноградовка,3.9,2026
7.10.15,с.Тендык,22.5,2026
7.10.16,с.Котовское,36.5,2026
7.10.17,с.Тихоокеанское,28.5,2026
7.10.18,с.Шункырколь,13.3,2026
7.10.19,с.Бахмут,11.1,2026
7.10.20,с.Многоцветное,3.4,2026
7.10.21,с.Дашко-Николаевка,6.3,2026
7.10.22,с.Новодворовка,10.2,2026
7.10.23,с.Богатыровка,3,2026
7.10.24,с.Кременчуг,7.6,2026
7.10.25,с.Краматоровка,5.3,2026
7.10.26,с.Новоивановка,11.3,2026
7.11,Тимирязевский район,127.6,2027
7.11.1,с.Дзержинское,4.4,2027
7.11.2,с.Жаркен,14.2,2027
7.11.3,с.Интымак,11,2027
7.11.4,с.Есиль,22,2027
7.11.5,с.Дружба,3,2027
7.11.6,с.Комсомольское,5,2027
7.11.7,с.Ленинское,21,2027
7.11.8,с.Акжан,17,2027
7.11.9,с.Целинное,30,2027
7.12,Уалихановский район,342.9,2027
7.12.1,с.Актуесай,2.7,2027
7.12.2,с.Кузексай,9.9,2027
7.12.3,с.Тлеусай,15.8,2027
7.12.4,с.Бидайык,42.2,2027
7.12.5,с.Жамбыл,38.7,2027
7.12.6,с.Ондирис,2.8,2027
7.12.7,с.Коктерек,4.4,2027
7.12.8,с.Жаскайрат,80.5,2027
7.12.9,с.Каратерек,36.8,2027
7.12.10,с.Каратал,52,2027
7.12.11,с.Карашилик,2.4,2027
7.12.12,с.Жас Улан,54.7,2027
7.13,Айыртауский  район,456.99999999999994,2027
7.13.1,с.Айыртау,24.8,2027
7.13.2,с.Воскресеновка,14,2027
7.13.3,с.Заря,2.8,2027
7.13.4,с.Комаровка,4.3,2027
7.13.5,с.Карасай батыра,3,2027
7.13.6,с.Баян,16,2027
7.13.7,с.Карсаковка,8,2027
7.13.8,с.Новосветловка,3,2027
7.13.9,с.Елецкое,4.4,2027
7.13.10,с.Аканбурлык,35,2027
7.13.11,с.Верхний Бурлук,18.4,2027
7.13.12,с. Кумтоккен,2.9,2027
7.13.13,с.Укили Ыбырай,19.6,2027
7.13.14,с.Светлое,31.7,2027
7.13.15,с.Аксеновка,9.5,2027
7.13.16,с.Бурлык,5,2027
7.13.17,с.Всеволодовка,19.4,2027
7.13.18,с.Никольско-Бурлукское,16.5,2027
7.13.19,с.Никольское,9.6,2027
7.13.20,с.Шукирлик,13,2027
7.13.21,с.Жаксы Жалгызтау,20.5,2027
7.13.22,с. Альжан,9.4,2027
7.13.23,с.Заря,20.1,2027
7.13.24,с.Шалкар,23.1,2027
7.13.25,с.Даукара,2.7,2027
7.13.26,с.Егиндыагаш,23,2027
7.13.27,с.Каракамыс,2.7,2027
7.13.28,с.Сулуколь,16,2027
7.13.29,с.Каменный Брод,13,2027
7.13.30,с.Кутузовка,4,2027
7.13.31,с.Сарысай,4.4,2027
7.13.32,с.Жумысшы,1,2027
7.13.33,с.Айыртауское,0.8,2027
7.13.34,с.Высокое,8,2027
7.13.35,с.Косколь,9,2027
7.13.36,ст.Уголки,4.7,2027
7.13.37,с.Береславка,27.7,2027
7.13.38,с. Орловка,6,2027
8,Западно-Казахстанская область,1556.6,
8.1,"Бокейординский район, Жанибекский район",145.70000000000002,2027
8.1.1,с.Большевик,9.2,2027
8.1.2,с.Жетібай,6.7,2027
8.1.3,с.Кеной,12.7,2027
8.1.4,с.Ажен,7.1,2027
8.1.5,с.Тайгара,4,2027
8.1.6,с.Карасу,7.6,2027
8.1.7,с.Уштерек,7,2027
8.1.8,с.Теренкудук,12.2,2027
8.1.9,с.Борсы,28.4,2027
8.1.10,с.Тегисшил,19.6,2027
8.1.11,с.Курсай,9.5,2027
8.1.12,с.Онеге,2.4,2027
8.1.13,с.им.И.Жумаева,6.1,2027
8.1.14,с.Енбекши,5.4,2027
8.1.15,с.Майтубек,7.8,2027
8.1,Бурлинский район,187.2,2026
8.2.1,с.Акбулак,35.9,2026
8.2.2,с.Аксу,12.4,2026
8.2.3,с.Жанаконыс,5.3,2026
8.2.4,с.Достық,4.9,2026
8.2.5,с.Облавка,3,2026
8.2.6,с.Димитрово,6.7,2026
8.2.7,с.Карашыганак,7.9,2026
8.2.8,с.Қарағанды,26.6,2026
8.2.9,с.Канай,8.4,2026
8.2.10,с.Қарақұдық ,26.6,2026
8.2.11,с.Успенка,17.6,2026
8.2.12,с.Жанаталап,17.6,2026
8.2.13,с.Даниляколь,14.3,2026
8.3,Жангалинский район,170.3,2027
8.3.1,с.Акбалшык,7.3,2027
8.3.2,с.Ушкемпир,23,2027
8.3.3,с.Киши Айдархан,16.7,2027
8.3.4,с.Сарыколь,14.2,2027
8.3.5,с.Жуалыой,27.6,2027
8.3.6,с.Саралжын,28.8,2027
8.3.7,с.Айтпай,3,2027
8.3.8,с.Торткулак,5.4,2027
8.3.9,с.Мукыр,18.6,2027
8.3.10,с.Борык,17.2,2027
8.3.11,с.Плантация,8.5,2027
8.2,"Теректинский район, г.а Уральск",235.89999999999995,2026
8.4.1,с.Тақсай,8.3,2026
8.4.2,с.Абай,5.5,2026
8.4.3,санаторий Акжаик,10.6,2026
8.4.4,с.Ыждағат,4.4,2026
8.4.5,с.Талпын,3.8,2026
8.4.6,с.Аксогым,9.9,2026
8.4.7,с.Бозай,4.9,2026
8.4.8,с.Айтиево,4,2026
8.4.9,с.Кандык,6.5,2026
8.4.10,с.Богдановка,24,2026
8.4.11,с.Алгабас,5.4,2026
8.4.12,с.Тонкерис,14.2,2026
8.4.13,с.Шоптыкуль,14.2,2026
8.4.14,с.Новопавловка,17.2,2026
8.4.15,с.Лесопитомник,3.7,2026
8.4.16,с.Тукпай,3.2,2026
8.4.17,с.Юбилейное,6.7,2026
8.4.18,с.Приречное,12,2026
8.4.19,с.Кемер,6.7,2026
8.4.20,с.Когалытобек,5.8,2026
8.4.21,с.Кызылжар,17.7,2026
8.4.22,с.Шалкар,10.6,2026
8.4.23,с.Коныссай,5,2026
8.4.24,с.Бекей,5.6,2026
8.4.25,с.Дуана,10.6,2026
8.4.26,с.Табынбай,4.3,2026
8.4.27,с.Маштакова,3.6,2026
8.4.28,с.Меловые Горки,7.5,2026
8.5,Казталовский район,331.8,2027
8.5.1,с.Бозоба,12.1,2027
8.5.2,с.Болашак,30.3,2027
8.5.3,с.Копкутир,10.9,2027
8.5.4,с.Жана тан,13,2027
8.5.5,с.Аккурай,34.9,2027
8.5.6,с.Караколь,5.5,2027
8.5.7,с.Абиш,16.2,2027
8.5.8,с.Комекши,13,2027
8.5.9,с.Уразгали,3.7,2027
8.5.10,с.Саралжын (Киров),20.8,2027
8.5.11,с.Сатыбалды,22.9,2027
8.5.12,с.Енбек,2.9,2027
8.5.13,с.Конысбай,1.1,2027
8.5.14,с.Караузен,4.6,2027
8.5.15,с.Серик,19.1,2027
8.5.16,с.Ашысай,15,2027
8.5.17,с.Бостандык,20.2,2027
8.5.18,с.Ордабай,3.2,2027
8.5.19,с.Кайшакудук,18,2027
8.5.20,с.Кособа,20.3,2027
8.5.21,с.Сарыкудук,29.8,2027
8.5.22,с.Беспишен,3.2,2027
8.5.23,с.Кызылту,8.6,2027
8.5.24,с.Талдыкудук,2.5,2027
8.3,"Каратобинский район, Сырымский район",237.2,2026
8.6.1,с.Коржын,14.3,2026
8.6.2,с.Бесоба,4.1,2026
8.6.3,с.Алаколь,7.5,2026
8.6.4,с.Шалгын,14.5,2026
8.6.5,с.Сауле,4,2026
8.6.6,с.Толен,21,2026
8.6.7,с.Ушана,21.2,2026
8.6.8,с.Жанаонир,13.7,2026
8.6.9,с.Кызылагаш,10.2,2026
8.6.10,с.Булан,5.4,2026
8.6.11,с.Жамбыл,8.1,2026
8.6.12,с.Когерис,7.3,2026
8.6.13,с.Жетыколь,7.1,2026
8.6.14,с.Тамды,5.6,2026
8.6.15,с.Жыракудык,5.7,2026
8.6.16,с.Коздикара,13.7,2026
8.6.17,с.Талдыбулак,5.6,2026
8.6.18,с.Казахстан,20.4,2026
8.6.19,с.Анкаты,4.8,2026
8.6.20,с.Куспанколь,6,2026
8.6.21,с.Аккудук,3,2026
8.6.22,с.Сасыкколь,25,2026
8.6.23,с.Таскудук,3.5,2026
8.6.24,с.Саралжын,5.5,2027
8.4,район Байтерек,385.3,2026
8.7.1,с.Болашақ ,8,2026
8.7.2,с.Қаражар,7,2026
8.7.3,с.Озерное,3.8,2026
8.7.4,с.Атамекен ,17.6,2026
8.7.5,с.Қайнар ,4.7,2026
8.7.6,с.Сырым батыр ,5.8,2026
8.7.7,с.Колесово,0.8,2026
8.7.8,с.Оркен,15.7,2026
8.7.9,с.Макарово,9.6,2026
8.7.10,с.Мирное,4.4,2026
8.7.11,с.Садовое,9.1,2026
8.7.12,с.Жалын,6.8,2026
8.7.13,с.Жамбыл,7.8,2026
8.7.14,с.Зеленое,4.4,2026
8.7.15,с.Октябрьское,6.2,2026
8.7.16,с.Шалғай,18.4,2026
8.7.17,с.Раздольное,10,2026
8.7.18,с.Ақбидай,20.7,2026
8.7.19,с.Егиндибулак,35.8,2026
8.7.20,с.Володарское,7.5,2026
8.7.21,с.Жайык,4.8,2026
8.7.22,с.Чувашинское,25.4,2026
8.7.23,с.Горбуново,8.2,2026
8.7.24,с.Павлово,7.7,2026
8.7.25,с.Құрманғазы ,8.3,2026
8.7.26,с.Аманат ,19.6,2026
8.7.27,с.Сұлу көл,15.5,2026
8.7.28,с.Чирово,19.9,2026
8.7.29,с.Жаңатаң,3.7,2026
8.7.30,с.Кирсаново,22.1,2026
8.7.31,с.Красноармейское,6.1,2026
8.7.32,с.Чинарево,6.1,2026
8.7.33,с.Ақсу,2.5,2026
8.7.34,с.Акжол,2.9,2026
8.7.35,с.Скворкино,3,2026
8.7.36,с.Поливное,5.9,2026
8.7.37,с.Малый Чаган,3.3,2026
8.7.38,с.Петрово,13.1,2026
8.7.39,с.Спартак,3.1,2026
8.5,Чингирлауский район,170.20000000000002,2026
8.8.1,с.Аксугум,6.2,2026
8.8.2,с.Шоктыбай,14.9,2026
8.8.3,с.Акбулак,5,2026
8.8.4,с.Алмазное,14,2026
8.8.5,с.Сегизсай,10.2,2026
8.8.6,с.Актау,29.6,2026
8.8.7,с.Карагаш,24,2026
8.8.8,с. Аксуат,23.5,2026
8.8.9,с.Кайынды,4.8,2026
8.8.10,с.Ардак,38,2026
8.6,"Таскалинский район, Акжаикский район",340.80000000000007,2026
8.9.1,с.Бірлік,6.2,2026
8.9.2,с.Чижа 1,3.9,2026
8.9.3,с.Бастау,8.5,2026
8.9.4,с.Ынтымақ,8.5,2026
8.9.5,с.Кеңжайлау,21.8,2026
8.9.6,с.Айнабұлақ,4.9,2026
8.9.7,с.Тоғайлы,11.7,2026
8.9.8,с.Алмалы,3.2,2026
8.9.9,с.Калмак,4.5,2026
8.9.10,с.Жайык,7.4,2026
8.9.11,с.Битилеу,5.4,2026
8.9.12,с.Кабыл,3.4,2026
8.9.13,с.Тинали,5.9,2026
8.9.14,с.Аксуат,3.7,2026
8.9.15,с.Акбулак,4.2,2026
8.9.16,с.Тегисжол,10.5,2026
8.9.17,с.Карагай,10.4,2026
8.9.18,с.Жанажол,18.6,2026
8.9.19,с.Тоган,27.5,2026
8.9.20,с.Атамекен,4.4,2026
8.9.21,с.Кадыркул,8,2026
8.9.22,с.Кызылжар,6,2026
8.9.23,с.Есим,4,2026
8.9.24,с.Баянтобе,5.4,2026
8.9.25,с.Самал,6.2,2026
8.9.26,с.Коловертное,8,2026
8.9.27,с.Кенсуат,4.9,2026
8.9.28,с.Тасоба,7.6,2026
8.9.29,с.Жамбыл,15.7,2026
8.9.30,с.Уштобе,20.3,2026
8.9.31,с.Битик,6.5,2026
8.9.32,с.Камыстыколь,5.8,2026
8.9.33,с.Мойылды,7.4,2026
8.9.34,с.Жанама,36.2,2026
8.9.35,с.Сарман,12.3,2026
8.9.36,с.Томпак,5.1,2026
8.9.37,с.Шабдаржап,6.8,2026
9,Восточно-Казахстанская область,641.9000000000001,
9.1,Зайсанский район,208.05,2027
9.1.1,с.Куаныш,2.6,2027
9.1.2,с.Улкен Каратал,7,2027
9.1.3,с.Бакасу,13,2027
9.1.4,с.Сарыжыра,10.5,2027
9.1.5,с.Шалкар,2.35,2027
9.1.6,с.Когедай,3.8,2027
9.1.7,с.Жанатурмыс,17,2027
9.1.8,с.Кайнар,8,2027
9.1.9,с Шыршытсу,10,2027
9.1.10,с.Жамбыл,8.8,2027
9.1.11,с.Кокжыра,14,2027
9.1.12,с.Жалшы,14.5,2027
9.1.13,с.Карасай,19,2027
9.1.14,с.Тасбастау,46,2027
9.1.15,с.Акарал,11,2027
9.1.16,с.Сатбай,18,2027
9.1.17,с.Шілікті,2.5,2027
9.2,Катон-Карагайский район,322.50000000000006,2027
9.2.1,с.Балгын,10,2027
9.2.2,с.Жулдыз,10,2027
9.2.3,с.Коктерек,10,2027
9.2.4,с.Свинчатка,23,2027
9.2.5,с.Кокбастау,7,2027
9.2.6,с.Аксу,19,2027
9.2.7,с.Жазаба,15,2027
9.2.8,с.Жамбыл,6,2027
9.2.9,с.Берель,24,2027
9.2.10,с.Жана-Ульга,3.5,2027
9.2.11,с.Кабырга,3,2027
9.2.12,с.Шынгыстай,3.5,2027
9.2.13,с.Коробиха,21,2027
9.2.14,с.Ушбулак,42,2027
9.2.15,с.Орнек,5,2027
9.2.16,с.Топкаин,4,2027
9.2.17,с.Егынды,8.3,2027
9.2.18,с.Майемер,2.5,2027
9.2.19,с.Уштобе,8.3,2027
9.2.20,с.Бесюй,7,2027
9.2.21,с.Сенное,23,2027
9.2.22,с.Hово-Хайрузовка,6.1,2027
9.2.23,с.Аршаты,20,2027
9.2.24,с.Кайынды,11.3,2027
9.2.25,с.Кызылжулдыз,13,2027
9.2.26,с.Акмарал,16,2027
9.2.27,с.Приморское,1,2027
9.3,Курчумский район,295.1,2027
9.3.1,с.Алгабас,15,2027
9.3.2,с.Топтерек,13,2027
9.3.3,с.Бурабай,9,2027
9.3.4,с.Койтас,16,2027
9.3.5,с.Аксуат,51,2027
9.3.6,с.Жолнускау,21,2027
9.3.7,с.Каратогай,53,2027
9.3.8,с.Кайынды,11.5,2027
9.3.9,с.Маралды,42,2027
9.3.10,с.Ушбулак,26,2027
9.3.11,с.Сарыолен,5.5,2027
9.3.12,с.Бирлик,6,2027
9.3.13,с.Барак батыра,12,2027
9.3.14,с.Акчи,14.1,2027
9.1,район Марқакөл,313.20000000000005,2026
9.4.1,с.Териктибулак,35,2026
9.4.2,с.Акжайлау,37,2026
9.4.3,с.Карашилик,17,2026
9.4.4,с.Караой,28,2026
9.4.5,с.Кайнарлы,15,2026
9.4.6,с.Тоскаин,35,2026
9.4.7,с.Урунхайка,27,2026
9.4.8,с.Шаганатты,30,2026
9.4.9,с.Жанааул,3,2026
9.4.10,с.Жиделы,14,2026
9.4.11,с.Игилик,33,2026
9.4.12,с.Казахстан,5.5,2026
9.4.13,с.Правый Усть-Кальжыр,3,2026
9.4.14,с.Такыр,18,2026
9.4.15,с.Шенгельды,10.1,2026
9.4.16,с.Бугумуюз,2.6,2026
9.5,район Алтай,212.7,2027
9.5.1,с.Березовское,3.5,2027
9.5.2,с.Березовка,2.5,2027
9.5.3,с.Быково,29,2027
9.5.4,с.Путинцево,16,2027
9.5.5,с.Никольск,14,2027
9.5.6,с.Бородино,18,2027
9.5.7,с.Баяновск,15,2027
9.5.8,с.Васильевка,4.2,2027
9.5.9,с.Дородница,7.5,2027
9.5.10,с.Заводинка,6.5,2027
9.5.11,с.Феклистовка,11,2027
9.5.12,с.Северное,3,2027
9.5.13,с.Ново-Крестьянка,11,2027
9.5.14,с.Подорленок,13.5,2027
9.5.15,с.Андреевка,9,2027
9.5.16,с.Чиркаин,7.5,2027
9.5.17,с.Чапаево,6.5,2027
9.5.18,с.Крестовка,7.5,2027
9.5.19,с.Орловка,10,2027
9.5.20,с.Снегирево,3.5,2027
9.5.21,с.Восточное,3.5,2027
9.5.22,ст.Селезневка,3,2027
9.5.23,с.Пролетарка,7.5,2027
9.2,"район Риддер, Глубоковский район, район Усть-Каменогорск",173.70000000000005,2026
9.6.1,с.Бутаково,3,2026
9.6.2,с.Поперечное,28,2026
9.6.3,с.Лесное,5,2026
9.6.4,с.Верхняя Хариузовка,5,2026
9.6.5,п.Ульбастрой,5,2026
9.6.6,с.Коноваловка,9,2026
9.6.7,с.Ливино,10.6,2026
9.6.8,с.Заречное,2.7,2026
9.6.9,с.Черногорка,1.5,2026
9.6.10,с.Зимовье,1.4,2026
9.6.11,с.Белокаменка,4.8,2026
9.6.12,с.Ново-Михайловка,3.5,2026
9.6.13,с.Степное,5,2026
9.6.14,рзд.226 км,3.2,2026
9.6.15,с.Планидовка,1.4,2026
9.6.16,с.Каменный Карьер,6,2026
9.6.17,с.Веселое,13,2026
9.6.18,ст.Ульба перевалочная,2,2026
9.6.19,с.Горная Ульбинка,5,2026
9.6.20,с.Топиха,19,2026
9.6.21,с. Новая - Ульбинка,4.3,2026
9.6.22,с.Прудхоз,1.3,2026
9.6.23,с.Ново-Троицкое,24,2026
9.6.24,с.Самсоновка,10,2026
9.7,район Самар,197.60000000000002,2027
9.7.1,с.Шубаркайын,23.5,2027
9.7.2,с.Аккала,3,2027
9.7.3,с.Жанажол,2.8,2027
9.7.4,с.Караткуль,27,2027
9.7.5,с.Бастауши,3.5,2027
9.7.6,с.Кокжота,7.8,2027
9.7.7,с.Кокжыра,7.8,2027
9.7.8,с.Мариногорка,11.1,2027
9.7.9,с.Жўмба,22.3,2027
9.7.10,с.Мойылды,17.7,2027
9.7.11,с.Палатцы,15,2027
9.7.12,с.Каракол,22,2027
9.7.13,с.Подгорное,21,2027
9.7.14,с.Новостройка,6.8,2027
9.7.15,с.Кайынды,6.3,2027
9.8,Тарбагайский район,144.39999999999998,2027
9.8.1,с.Жаналык,3,2027
9.8.2,с.Жанаауыл,10,2027
9.8.3,с.Жанаталап,18,2027
9.8.4,с.Сарыолен,21,2027
9.8.5,с.Казахстан,10,2027
9.8.6,с.Тауке,3.3,2027
9.8.7,с.Шенгельды,7,2027
9.8.8,с.Шорга,9.6,2027
9.8.9,с.Карасу,14,2027
9.8.10,с.Шолакорда,10,2027
9.8.11,с.Караой,15,2027
9.8.12,с.Байтогас,20,2027
9.8.13,с.Жанатилеу,3.5,2027
9.9,Уланский район,250.99999999999997,2027
9.9.1,с.Бестерек,12,2027
9.9.2,с.Ново-Азовое,20,2027
9.9.3,с.Баяш Утепов,18,2027
9.9.4,с.Митрофановка,28,2027
9.9.5,с.Жанузак,10,2027
9.9.6,с.Новая Канайка,17,2027
9.9.7,с.Каменка,25,2027
9.9.8,с.Тройницкое,10,2027
9.9.9,с.Восточное,3,2027
9.9.10,с.Макеевка,5.7,2027
9.9.11,с.Верхние Таинты,29,2027
9.9.12,с.Изгутты Айтыков,13,2027
9.9.13,с.Казачье,4.1,2027
9.9.14,с.Украинка,4.5,2027
9.9.15,с.Желдиозек,6.2,2027
9.9.16,с.Сарыөзек,2.5,2027
9.9.17,с.Белогорское,25,2027
9.9.18,с.Бурсак,18,2027
9.3,Шемонаихинский район,155,2026
9.10.1,с.Горкуново,7,2026
9.10.2,с.Кенюхово,6,2026
9.10.3,с.Большая речка,19,2026
9.10.4,с.Новая Убинка,13,2026
9.10.5,с.Убинка,6,2026
9.10.6,с.Рассыпное,8,2026
9.10.7,с.Коневка,8,2026
9.10.8,с.Луговое,16,2026
9.10.9,с.Красная Шемонаиха,10,2026
9.10.10,с.Медведка,18,2026
9.10.11,с.Барашки,7,2026
9.10.12,с.Ново-Ильинка,13,2026
9.10.13,с.Березовка,5,2026
9.10.14,с.Крюковка,2,2026
9.10.15,с.Межовка,2,2026
9.10.16,с.Белый Камень,6,2026
9.10.17,с.Березовка,5,2026
9.10.18,с.Половинка,4,2026
10,Карагандинская область,2517.4700000000003,
10.1,"Актогайский район, г.Балхаш",258.40000000000003,2027
10.1.1,с.Куаныш,13.5,2027
10.1.2,с.Акжарык,66,2027
10.1.3,с.Сарытерек,44.3,2027
10.1.4,с.Тасарал,18,2027
10.1.5,с.Карасу,5.3,2027
10.1.6,с.Жетымшокы,2.5,2027
10.1.7,с.Акжайдак,79,2027
10.1.8,с.Шабанбайби,3,2027
10.1.9,с.Кошкар,14.8,2027
10.1.10,с.Торангылык,12,2027
10.1,Бухар-Жырауский район,288.23,2026
10.2.1,с.Трудовое,5.55,2026
10.2.2,с.Акоре,26,2026
10.2.3,с.Актобе,13.75,2026
10.2.4,с.Бухар-Жырау,24,2026
10.2.5,с.Шалкар,11.5,2026
10.2.6,с.Акжар,11.5,2026
10.2.7,с.Алгабас,5.7,2026
10.2.8,с.Сарытобе,5.7,2026
10.2.9,с.Тасшокы,26.73,2026
10.2.10,с.Каракудук,23.15,2026
10.2.11,с.Тегизжол,3.3,2026
10.2.12,с.Жанакала,8.75,2026
10.2.13,с.Акбел,10.3,2026
10.2.14,с.Красная Нива,17.7,2026
10.2.15,с.Кызылжар,2.63,2026
10.2.16,с.Первое Мая,7,2026
10.2.17,с.Новостройка,14.7,2026
10.2.18,с.Белагаш,20,2026
10.2.19,с.Тасаул,6,2026
10.2.20,с.Садовое,1.9,2026
10.2.21,с.Асыл,4.35,2026
10.2.22,с.Волковское,9.45,2026
10.2.23,с.Геологическое,1.72,2026
10.2.24,с.Чкалово,2.5,2026
10.2.25,с.Жастилек,16.15,2026
10.2.26,с.Астаховка,7.2,2026
10.2.27,с.Сокурское,1,2026
10.2,Каркаралинский район,503.87000000000006,2026
10.3.1,с.Айнабулак,33.8,2026
10.3.2,с.Акбай-Кызылбай,19.3,2026
10.3.3,с.Абыз,30.2,2026
10.3.4,с.Кызылту,78.5,2026
10.3.5,с.Жанатоган,40.2,2026
10.3.6,с.Актерек,27.3,2026
10.3.7,с.Борлыбулак,3,2026
10.3.8,с.Коянды,60,2026
10.3.9,с.Акжол,3.8,2026
10.3.10,с.Осибай,36.6,2026
10.3.11,с.Томар,48.6,2026
10.3.12,с.Теректы,37.1,2026
10.3.13,с.Акшокы,6.7,2026
10.3.14,с.Жекежал,3.8,2026
10.3.15,с.Ежебай,2.57,2026
10.3.16,с.Жанибек,4.7,2026
10.3.17,с.Кент,41,2026
10.3.18,с.Калинино,5.7,2026
10.3.19,с. Новый Путь,18,2026
10.3.20,с. Талды,3,2026
10.3,Нуринский район,547.9,2026
10.4.1,с.Баршино,27.1,2026
10.4.2,с.Куланотпес,22.8,2026
10.4.3,с.Жараспай,45.7,2026
10.4.4,с.Кантай,36.7,2026
10.4.5,с.Жанбобек,60.2,2026
10.4.6,с. Акколка,20.1,2026
10.4.7,с.Кертинди,15.8,2026
10.4.8,с.Алгабас,10.9,2026
10.4.9,с.Жанакурылыс,11.7,2026
10.4.10,с.Мұзбел,56.9,2026
10.4.11,с.Ткенекты,46.7,2026
10.4.12,с.Талдысай,61.5,2026
10.4.13,п.Шубарколь,103.8,2026
10.4.14,с. Соналы,28,2026
10.4,Осакаровский район,314.71000000000004,2026
10.5.1,с.Ошаганды,3.3,2026
10.5.2,с.Акпан,11.2,2026
10.5.3,с.Русская Ивановка,30.5,2026
10.5.4,с.Аманконыр,48.8,2026
10.5.5,с.Звездное,39.2,2026
10.5.6,с.Иртышское,11.1,2026
10.5.7,с.Шункыркол,8.7,2026
10.5.8,с.Мирное,8,2026
10.5.9,с.Николаевка,25.8,2026
10.5.10,с.Ералы,8.21,2026
10.5.11,с.Карагайлы,20.3,2026
10.5.12,с.Окольное,,2026
10.5.13,с.Родниковское,50,2026
10.5.14,с.Тельманское,11,2026
10.5.15,с.Трудовое,7.6,2026
10.5.16,с.Шидерты,18.5,2026
10.5.17,с. Степное,8.5,2026
10.5.18,с. Кутумсук,4,2026
10.6,Шетский район,428.03999999999996,2027
10.6.1,с.Аксу,2,2027
10.6.2,с.Енбекшил,4.5,2027
10.6.3,с.Кайракты,6.3,2027
10.6.4,с. Жарылгап батыр,22.5,2027
10.6.5,с.Акбауыр,36.1,2027
10.6.6,с.Мухтар,2.64,2027
10.6.7,с.Талды,21.2,2027
10.6.8,с.Коктенколь,28.5,2027
10.6.9,с.Алихан,11.3,2027
10.6.10,ст.Коктинколи,16.5,2027
10.6.11,с.Красная Поляна,10.3,2027
10.6.12,с.Бекет,14.5,2027
10.6.13,с.Кошкарбай,4.5,2027
10.6.14,с.Аксу,3.8,2027
10.6.15,с.Кызылкой,54.1,2027
10.6.16,с.Шопа,16.9,2027
10.6.17,с.Еркиндык,3,2027
10.6.18,с.Карамыс,3.5,2027
10.6.19,с.Тумсык,6,2027
10.6.20,с.Сарыши,24,2027
10.6.21,с.Берекеши,17.7,2027
10.6.22,с.Жыланды,20.4,2027
10.6.23,с.Дерипсал,12,2027
10.6.24,с.Кызылту,54.4,2027
10.6.25,с. Аякши,24,2027
10.6.25,с. Кызылтау,7.4,2027
10.5,Абайский район ,176.32000000000002,2026
10.7.1,с.Сарепта,3.25,2026
10.7.2,с.Коянды,5.2,2026
10.7.3,с.Есенгельды,73.4,2026
10.7.4,с.Жаманжол,10.56,2026
10.7.5,с.Курминское,12.3,2026
10.7.6,с.Жумабек,12.3,2026
10.7.7,с.Садовое,3.9,2026
10.7.8,с.Самарка,3.95,2026
10.7.9,с.Северное,23,2026
10.7.10,с.Ягодное,3.16,2026
10.7.11,с.Тасзаемка,4.65,2026
10.7.12,с.Восход,2.05,2026
10.7.13,с.Поливное,4.65,2026
10.7.14,с.Ялта,9.35,2026
10.7.15,с.Огороды,4.6,2026
11,Акмолинская область,2265.755,
11.1,Аршалынский район,202.8,2026
11.1.1,с.Актасты,79.9,2026
11.1.2,с.Шортанды,,2026
11.1.3,с.Белоярка,,2026
11.1.4,с.Жалтырколь,7,2026
11.1.5,рзд.42,4.4,2026
11.1.6,с.Койгельды,10.2,2026
11.1.7,ст.Бабатай,9.8,2026
11.1.8,с.Николаевка,22.9,2026
11.1.9,с.Ольгинка,,2026
11.1.10,с.Булаксай,50.4,2026
11.1.11,с. Костомар,,2026
11.1.12,с.Сарыоба,,2026
11.1.13,ст.Сарыоба,,2026
11.1.14,с.Байдала,14.7,2026
11.1.15,рзд. 41,,2026
11.1.16,с.Красное озеро,3.5,2026
11.2,Астраханский район,194.10000000000002,2026
11.2.1,с.Таволжанка,16.4,2026
11.2.2,с.Жарсуат,17.4,2026
11.2.3,с.Акимовка,5.9,2026
11.2.4,с.Оксановка,15.4,2026
11.2.5,с.Жамбыл,6.6,2026
11.2.6,с.Орнек,5.5,2026
11.2.7,с.Ондирис,3.4,2026
11.2.8,с.Новый Колутон,30.7,2026
11.2.9,с.Караколь,,2026
11.2.10,с.Ковыленка,2.8,2026
11.2.11,с. Косколь,4.9,2026
11.2.12,с.Узунколь,79.3,2026
11.2.13,с.Булакты,,2026
11.2.14,с.Шиликты,,2026
11.2.15,с.Приишимка,,2026
11.2.16,с.Енбек,5.8,2026
11.3,"Атбасарский район, Егиндыкольский район(по Заказу 15 пунктов)",187.61999999999998,2027
11.3.1,с.Бейис Хазирет,5.5,2027
11.3.2,с. Титовка,3.9,2027
11.3.3,с.Самарка,16,2027
11.3.4,с.Поповка,5.6,2027
11.3.5,с.Калиновка,9.9,2027
11.3.6,с.Магдалиновка,4.4,2027
11.3.7,с.Хрящевка,3.9,2027
11.3.8,с. Макеевка,4.5,2027
11.3.9,с.Полтавское,88.6,2027
11.3.10,с.Коркем,,2027
11.3.11,с.Узункольское,,2027
11.3.12,с.Тоганас,,2027
11.3.13,с.Жалманкулак,14.2,2027
11.3.14,с.Коржинколь,5.4,2027
11.3.15,с.Жулдыз,25.72,2027
11.4,район Биржан сал,217.94999999999996,2027
11.4.1,с.Енбекшильдер,167.5,2027
11.4.2,с.Актас,,2027
11.4.3,с.Заозерное,,2027
11.4.4,с.Кенащи,,2027
11.4.5,с.Краснофлотское,,2027
11.4.6,с.Валиханово,,2027
11.4.7,с.Алга,,2027
11.4.8,с.Кудукагаш,2.2,2027
11.4.9,с.Буланды,2.2,2027
11.4.10,с. Каратал,2.1,2027
11.4.11,с.Когам,5.7,2027
11.4.12,с.Макпал,10.2,2027
11.4.13,с. Карагай,2.03,2027
11.4.14,с. Пригорхоз,6.179,2027
11.4.15,с.Карловка,11.841,2027
11.4.16,с. Кызылуюм,8,2027
11.3,Буландынский район,119.10000000000002,2026
11.5.1,с.Аккайын,4.8,2026
11.5.2,с. Алаколь,3.7,2026
11.5.3,с. Жанаталап,3.9,2026
11.5.4,с.Гордеевка,23.2,2026
11.5.5,с.Иванковка,6.6,2026
11.5.6,с.Воробьевка,27.6,2026
11.5.7,с.Айнаколь,,2026
11.5.8,с.Ярославка,4.3,2026
11.5.9,с.Отрадное,14,2026
11.5.10,с.Буденовка,4.4,2026
11.5.11,с.Байсуат,4.7,2026
11.5.12,с. Ортакшыл ,4.9,2026
11.5.13,с. Мат,10,2026
11.5.14,с. Боярка,7,2026
11.4,Бурабайский район,192.68200000000004,2026
11.6.1,с.Карабауыр,14.5,2026
11.6.2,с.Карабулак,22.7,2026
11.6.3,с.Жанаталап,33.2,2026
11.6.4,с.Кумызынай,,2026
11.6.5,с.Мадениет,,2026
11.6.6,с.Обалы,18.4,2026
11.6.7,с.Каражар,6.9,2026
11.6.8,с.Сосновка,11.1,2026
11.6.9,с.Киндиккарагай,16.9,2026
11.6.10,с.Райгородок,4.168,2026
11.6.11,с. Озерное,19.561,2026
11.6.12,с. Молбаза,13,2026
11.6.13,с. Шиели,6.577,2026
11.6.14,с. Ключевое,5.473,2026
11.6.15,с. Кульстан,10.203,2026
11.6.16,с. Жасыл,10,2026
11.5,"Аккольский район, г.Степногорск",208.59999999999997,2026
11.7.1,с.Кына,76.5,2026
11.7.2,с.Карасай,,2026
11.7.3,с.Сазды булак,,2026
11.7.4,с.Малый Барап,4.7,2026
11.7.5,с.Кемеркол,3.6,2026
11.7.6,с.Орнек,23.9,2026
11.7.7,с.Рамадан,53.4,2026
11.7.8,с.Кара-Озек,,2026
11.7.9,с.Жалгызкарагай,32.1,2026
11.7.10,с.Аманкельды,3.5,2026
11.7.11,с.Малоалександровка,3.7,2026
11.7.12,с.Радовка,3.5,2026
11.7.13,с.Бөгенбай,3.7,2026
11.6,Ерейментауский район,233.63,2026
11.8.1,с. Байсары,68.7,2026
11.8.2,с.Жанажол,,2026
11.8.3,с.Бозтал,18.3,2026
11.8.4,с. Ельтай,13,2026
11.8.5,с.Куншалган,41,2026
11.8.6,с.Шакей,,2026
11.8.7,с.Ажы,7.3,2026
11.8.8,с.Аксуат,38.1,2026
11.8.9,с.Енбек,,2026
11.8.10,с.Койтас,17.93,2026
11.8.11,с.Балыкты,20.36,2026
11.8.12,ст. Уленты,3.94,2026
11.8.13,с. Нижний Торгай,5,2026
11.9,Есильский район,149.95299999999997,2027
11.9.1,с.Сурган,3.1,2027
11.9.2,с.Ковыльное,6.2,2027
11.9.3,с.Кумай,4.4,2027
11.9.4,с.Ленинское,10.8,2027
11.9.5,с.Ярославка,18.5,2027
11.9.6,с.Иглик,41.8,2027
11.9.7,с. Калачи,,2027
11.9.8,с.Раздольное,28.4,2027
11.9.9,с. Интернациональное ,4.1,2027
11.9.10,с. Дальное,4.226,2027
11.9.11,ст. Красивая,3.427,2027
11.9.12,с. Биртал,25,2027
11.10,Жаксынский район,175.95000000000002,2027
11.10.1,с.Кайракты,10.7,2027
11.10.2,с.Алгабас,87.5,2027
11.10.3,с.Терсакан,,2027
11.10.4,с.Монастырка,3.6,2027
11.10.5,с.Калининское,30.9,2027
11.10.6,с.Моховое,,2027
11.10.7,с.Кировское,16.3,2027
11.10.8,с.Тарасовка,14.3,2027
11.10.9,с.Баягиз,12.65,2027
11.11,Жаркаинский район,169.176,2027
11.11.1,с.Бирсуат,21.4,2027
11.11.2,с.Далабай,72.1,2027
11.11.3,с.Тассуат,,2027
11.11.4,с.Нахимовка,,2027
11.11.5,с.Кумсуат,,2027
11.11.6,с.Зерноградское,17.8,2027
11.11.7,с.Тасоткель,10.6,2027
11.11.8,с.Ушкарасу,7.4,2027
11.11.9,с.Шойындыколь,36.1,2027
11.11.10,с.Достык,3.776,2027
11.7,Зерендинский район,570.4520000000001,2026
11.12.1,с.Ивановка,9.6,2026
11.12.2,с.Казахстан,27.7,2026
11.12.3,с.Молодежное,,2026
11.12.4,с.Жанааул,109,2026
11.12.5,с. Жылымды,,2026
11.12.6,с. Карагай,,2026
11.12.7,с.Карлыколь,,2026
11.12.8,с.Еликти,,2026
11.12.9,с.Заречное,,2026
11.12.10,с. Акан,,2026
11.12.11,с.Баратай,,2026
11.12.12,с.Уголки,,2026
11.12.13,с.Васильковка,81,2026
11.12.14,с.Донгулагаш,,2026
11.12.15,с.Кызылсая,,2026
11.12.16,с.Бирлестик,,2026
11.12.17,с.Сейфуллино,,2026
11.12.18,с.Ортак,45.5,2026
11.12.19,с.Кызылтан,,2026
11.12.20,с.Павловка,7.5,2026
11.12.21,с.Малика Габдуллина,120.5,2026
11.12.22,с.Дороговка,,2026
11.12.23,с.Малые Тюкты,,2026
11.12.24,с.Серафимовка,,2026
11.12.25,с.Карауыл Канай-бия,,2026
11.12.26,с.Игилик,,2026
11.12.27,с.Кызылегис,,2026
11.12.28,с.Ортаагаш,,2026
11.12.29,с.Коктерек,,2026
11.12.30,с.Булак,19.5,2026
11.12.31,с.Жолдыбай,,2026
11.12.32,с.Кошкарбай,3.9,2026
11.12.33,с.Акадыр,40.3,2026
11.12.34,с.Ескенежал,,2026
11.12.35,с.Уялы,,2026
11.12.36,с.Исаковка,34.3,2026
11.12.37,с.Костомаровка,,2026
11.12.38,с.Богенбай би,,2026
11.12.39,с.Байтерек,46.4,2026
11.12.40,с.Ермаковка,,2026
11.12.41,с.Красный Кордон,,2026
11.12.42,с.Карсак,,2026
11.12.43,ст. Жаманаши,7.225,2026
11.12.44,с. Ульгили,14.527,2026
11.12.45,с. Караөзек,3.5,2026
11.13,Коргалжынский район,155.56,2027
11.13.1,с.Арыкты,119.6,2027
11.13.2,с.Садырбай,,2027
11.13.3,с.Кенбидаик,,2027
11.13.4,с.Шалкар,,2027
11.13.5,с.Ушсарт,,2027
11.13.6,с.Майшукур,11,2027
11.13.7,с.Уялы,20.1,2027
11.13.8,с. Абай,4.86,2027
11.8,Сандыктауский район,165.35099999999997,2026
11.14.1,с.Преображенка,14.1,2026
11.14.2,с.Раздольное,8.3,2026
11.14.3,с.Красная Поляна,14.2,2026
11.14.4,с.Петриковка,,2026
11.14.5,с.Васильевка,50.8,2026
11.14.6,с.Улан,,2026
11.14.7,с.Жиланды,11,2026
11.14.8,с.Быстримовка,13,2026
11.14.9,с.Михайловка,22.2,2026
11.14.10,с.Меньшиковка,,2026
11.14.11,с.Речное,3,2026
11.14.12,с.Новый Городок,3,2026
11.14.13,с.Новоромановка,10.6,2026
11.14.14,с.Арбузинка,2.045,2026
11.14.15,с.Кумдыколь,9.063,2026
11.14.16,с.Мысок,4.043,2026
11.9,"Целиноградский район, Косшы г.а.",239.14000000000001,2026
11.15.1,с.Раздольное,2.32,2026
11.15.2,с.Жанажол,9.5,2026
11.15.3,с.Бирлик,7.9,2026
11.15.4,с.Кызыл суат,14.5,2026
11.15.5,с. Аккайын,18.2,2026
11.15.6,с.Шубар,,2026
11.15.7,с. Акмечеть,3.2,2026
11.15.8,ст.Тастак,11.9,2026
11.15.9,с.Ынтымак,11.1,2026
11.15.10,"с.Маншук, новое село Маншук Маметова",60.2,2026
11.15.11,с.Шалкар,,2026
11.15.12,с.Отаутускен,,2026
11.15.13,с.Мортык,17.9,2026
11.15.14,с.Жана Жайнак,,2026
11.15.15,с.Опан,20.7,2026
11.15.16,с.Кызылжар,2.8,2026
11.15.17,с.Нура,9,2026
11.15.18,с.Сарыколь,3.6,2026
11.15.19,с.Преображенка,14.4,2026
11.15.20,с.Ыбырая Алтынсарина,5.5,2026
11.15.21,с.Тайтобе,7.71,2026
11.15.22,с.Жабай,18.71,2026
11.10,Шортандинский район,139.9,2026
11.16.1,с.Октябрьское,2.7,2026
11.16.2,с.Ключи,17.3,2026
11.16.3,ст.Тонкерис,6.2,2026
11.16.4,с.Мыктыколь,3.4,2026
11.16.5,с.Конкрынка,6.6,2026
11.16.6,с.Алтайское,54.4,2026
11.16.7,с.Белое Озеро,,2026
11.16.8,с.Гуляйполе,,2026
11.16.9,с.Егемен,,2026
11.16.10,ст.Караадыр,22.7,2026
11.16.11,с.Камышенка,15.1,2026
11.16.12,с.Новографское,8.7,2026
11.16.13,с.Ошак,2.8,2026
12,Алматинская область,539.02,
12.1,Балхашский район,318.36,2027
12.1.1,с.Бояулы,3.8,2027
12.1.2,с.Ушжарма,7.56,2027
12.1.3,с.Кокжиде,24,2027
12.1.4,с.Жидели,58,2027
12.1.5,с.Коктал,49,2027
12.1.6,с.Караой,94,2027
12.1.7,с.Куйган,39,2027
12.1.8,с.Коскумбез,27,2027
12.1.9,с.Аркар,15,2027
12.1.10,с.Караозек,1,2027
12.1,"Жамбылский район, г.Конаев, Илийский, ",245.9,2026
12.2.1,с.Кокдала,11.5,2026
12.2.2,с.Архарлы,15,2026
12.2.3,с.Булак,6.5,2026
12.2.4,с.Караарша,5.5,2026
12.2.5,с.Бирлик,8.5,2026
12.2.6,с.Ушбулак,8.5,2026
12.2.7,с.Карасай,7.7,2026
12.2.8,с.Копа,37,2026
12.2.9,с.Ащысу,6,2026
12.2.10,с.Каншенгель,3.8,2026
12.2.11,с.Когамшыл,7.5,2026
12.2.12,с.Кызылсок,8,2026
12.2.13,с.Еспе,23,2026
12.2.14,с.Карабастау,22,2026
12.2.15,с.Акдала,19.5,2026
12.2.16,с. Ак Озек,11,2026
12.2.17,с.Сарыбулак,19,2026
12.2.18,с.Толе би,6.4,2026
12.2.19,с.Жартас,19.5,2026
12.2,Енбекшиказахский район,168.2,2026
12.3.1,с.Казатком,14,2026
12.3.2,с.Кайрат,6.5,2026
12.3.3,с.Таусугур,18,2026
12.3.4,с.Куш,12,2026
12.3.5,с.Актоган,27,2026
12.3.6,с.Акжал,23,2026
12.3.7,с.Кайнар,15,2026
12.3.8,с.Кокпек,2.5,2026
12.3.9,с.Кольди,14,2026
12.3.10,с.Таутургень,11.5,2026
12.3.11,с.Тургайбаза,6.2,2026
12.3.12,с.Арна,3.5,2026
12.3.13,с.Саытау,15,2026
12.4,"Кегенский район, Райымбекский, Уйгурский район",246.44000000000003,2027
12.4.1,с.Жайдакбулак,21,2027
12.4.2,с.Шыбышы,18.5,2027
12.4.3,с.Ереул,11,2027
12.4.4,с.Курмети,13.5,2027
12.4.5,с.Жанатасашы,3.9,2027
12.4.6,с.Сарыколь,10,2027
12.4.7,с.Кенсу,6.6,2027
12.4.8,с.Кокпияз,4.1,2027
12.4.9,с.Талды,17.5,2027
12.4.10,с.Темирлик,3.37,2027
12.4.11,с.Жинишке,24,2027
12.4.12,с.Мойнак,18.1,2027
12.4.13,с.Тасашы,4.5,2027
12.4.14,с.Жалаулы,13,2027
12.4.15,с.Кызылжар,6.8,2027
12.4.16,с.Тузколь,18.6,2027
12.4.17,с.Акбейит,3.27,2027
12.4.18,с.Комирши,23.3,2027
12.4.19,с.Ардолайты,11.1,2027
12.4.20,с.Узынтам,14.3,2027
12.3,"Талгарский район, Карасайский район ",124.92000000000002,2026
12.5.1,с.Кумарал,1.6,2026
12.5.2,с.Сауыншы,8.16,2026
12.5.3,с.Каратобе,5.3,2026
12.5.4,рзд.71,2.27,2026
12.5.5,с.Кайрат,4.62,2026
12.5.6,с.Сауыншы,1.3,2026
12.5.7,с.Жалпаксай,3.8,2026
12.5.8,с.Кумтоган,0.07,2026
12.5.9,с.Жынгылды,12,2026
12.5.10,с.Кайнар,4.9,2026
12.5.11,с.Теренкара,5.6,2026
12.5.12,с.Тузусай,4.9,2026
12.5.13,с.Каратоган,7.5,2026
12.5.14,с.Достык,6,2026
12.5.15,с.Сактан,3.9,2026
12.5.16,с.Кайрат,10.2,2026
12.5.17,с.Каменское плато,3,2026
12.5.18,с.Коктобе,13.8,2026
12.5.19,с.Айкым,12,2026
12.5.20,с.Куркудык,14,2026
13,Павлодарская область,1207.9,
13.1,"Аксуский  район, Майский район",88.59,2026
13.1.1,с.Коктас,1.7,2026
13.1.2,с.Ребровка,1.3,2026
13.1.3,ст.Спутник,3.6,2026
13.1.4,с.Сольветка,15.5,2026
13.1.5,с.Сарышыганак,9.6,2026
13.1.6,с.Суатколь,7.3,2026
13.1.7,с.Карабай,2.71,2026
13.1.8,с.Сынтас,2.56,2026
13.1.9,с.Караколь,2.78,2026
13.1.10,с.Донентаев,5.8,2026
13.1.11,с.Сырлыкала,4.93,2026
13.1.12,с.Борыктал,4.22,2026
13.1.13,с.Жанашаруа,3.56,2026
13.1.14,ст.Таскудык,2.03,2026
13.1.15,Белогорский ХПП,4.18,2026
13.1.16,с.Бозша,4.67,2026
13.1.17,ферма 1,4.74,2026
13.1.18,с.Абай,1.89,2026
13.1.19,ферма 2,5.52,2026
13.2,Актогайский район,248.68000000000006,2026
13.2.1,с.Жоламан,4.2,2026
13.2.2,с.Харьковка,28.5,2026
13.2.3,с.Карасу,18.2,2026
13.2.4,с.Шолаксор  7474987538,41.5,2026
13.2.5,с.Шиликты,20.7,2026
13.2.6,с.Шуга,13.1,2026
13.2.7,с.Жанааул,2.7,2026
13.2.8,с.Ауельбек,4.5,2026
13.2.9,с.Отес,7.9,2026
13.2.10,с.Абжан,4.5,2026
13.2.11,с.Жанабет,2.8,2026
13.2.12,с.Барлыбай,15.8,2026
13.2.13,с.Жанатап,4.82,2026
13.2.14,с.Балтасап,9.44,2026
13.2.15,с.Исантерек,1.19,2026
13.2.16,с.Кайран,2.61,2026
13.2.17,с.Караой,2.27,2026
13.2.18,с.Баскамыс,36.06,2026
13.2.19,с.Разумовка,2,2026
13.2.20,с.Каракога,25.89,2026
13.3,Баянаульский район,363.8,2027
13.3.1,с.Аксан,12.2,2027
13.3.2,с.Октябрь,1.2,2027
13.3.3,с.Акмектеп,16,2027
13.3.4,с.Мәшһүр Жүсіп (Жанажол),36.5,2027
13.3.5,с.Шоманколь,9.5,2027
13.3.6,с.Жарылгап,7.2,2027
13.3.7,с.Акши,55,2027
13.3.8,с.Лекер,26,2027
13.3.9,с.Майкөбе,7.5,2027
13.3.10,Ушкулун с.,7.8,2027
13.3.11,с.Служон,28,2027
13.3.12,с.Шоптыколь,7.2,2027
13.3.13,с.Торайгырова,21.5,2027
13.3.14,с.Кызылшилик,0.5,2027
13.3.15,с.Акши,32,2027
13.3.16,с.Шонай,3,2027
13.3.17,с.Карашокы,1.7,2027
13.3.18,с.Мурынтал,13.5,2027
13.3.19,с.Үйтас,25,2027
13.3.20,с.Буркутты,10,2027
13.3.21,с.Белагаш,25.5,2027
13.3.22,с.Александровка,9.5,2027
13.3.23,с.Койтас,7.5,2027
13.4,Железинский район,202.82999999999996,2027
13.4.1,с.Захаровка,10,2027
13.4.2,с.Аккайын,19.2,2027
13.4.3,с.Моисеевка,4.5,2027
13.4.4,с.Пятирыжск,2.6,2027
13.4.5,с.Жолтаптык,14.3,2027
13.4.6,с.Береговое,4.1,2027
13.4.7,с.Кузьмино,2.9,2027
13.4.8,с.Славяновка,19.4,2027
13.4.9,с.Ескара,17,2027
13.4.10,с.Екишок,5.1,2027
13.4.11,с.Лесное,21.1,2027
13.4.12,с.Крупское,8,2027
13.4.13,с.Мынкуль,7,2027
13.4.14,с.Петропавловка,19.7,2027
13.4.15,"с.Майлы, бывш.Озерное",19.6,2027
13.4.16,с.Раздельное,18.66,2027
13.4.17,с.Урлютюб,9.67,2027
13.5,Иртышский район,231,2027
13.5.1,с.Узынсу,18,2027
13.5.2,с.Ленино,20.8,2027
13.5.3,с.Амангельды,21.3,2027
13.5.4,с.Ульгули,7.2,2027
13.5.5,с.Ынтымак,5.6,2027
13.5.6,с.Косколь,23.5,2027
13.5.7,с.Кызылкак,27.2,2027
13.5.8,с.Косагаш,19.6,2027
13.5.9,с.Тохта,9.9,2027
13.5.10,с.Караагаш,10.1,2027
13.5.11,с.Селета,18.9,2027
13.5.12,с.Буланбай,21.6,2027
13.5.13,с.Кызылагаш,24.3,2027
13.5.14,с.Агашорын,3,2027
13.6,Экибастузский район,342.4,2027
13.6.1,с.Зеленая Роща,46,2027
13.6.2,с.Атыгай,14,2027
13.6.3,с.Тай,49,2027
13.6.4,с.Кулаколь,9.2,2027
13.6.5,с.Кудайколь,15,2027
13.6.6,с.Бескауга,52,2027
13.6.7,"с.""Ќоянды""",24,2027
13.6.8,с.Сарыкамыс,67,2027
13.6.9,с.Босшаколь,9.5,2027
13.6.10,с.Мынтамыр,16.5,2027
13.6.11,"с.""Ќўрылысшы""",21,2027
13.6.12,с.Жаксат,14,2027
13.6.13,Отделение 3,3.2,2027
13.6.14,"с.""Теміртас""",2,2027
13.3,Павлодарский район,146.07999999999998,2026
13.7.1,с. Жанакала,5.1,2026
13.7.2,с. Бирлик,5.9,2026
13.7.3,с.Подстепное,1.5,2026
13.7.4,с.Айтим,6.9,2026
13.7.5,с.Каратогай,12,2026
13.7.6,с.Шанды,6.6,2026
13.7.7,с.Аккудык,16.8,2026
13.7.8,с.Үміт апа,12,2026
13.7.9,с.Рождественка,7.8,2026
13.7.10,с.Достык,4.2,2026
13.7.11,с.Караголь,4.3,2026
13.7.12,с.Пресное,5.6,2026
13.7.13,с.Пресное,11,2026
13.7.14,с.Черноярка,3.6,2026
13.7.15,с.Маралды,15.5,2026
13.7.16,с.Жертумсык,7.85,2026
13.7.17,ст.Красноармейка,3.92,2026
13.7.18,с.Заозерное,3.65,2026
13.7.19,с.Толубай,11.86,2026
13.8,район Аққулы,147.8,2027
13.8.1,с.им.Абылхаира Баймульдина,8.5,2027
13.8.2,с.Такыр,30.7,2027
13.8.3,с.Жамбыл,5,2027
13.8.4,с.Жанатан,5.8,2027
13.8.5,с.Айтей,3.5,2027
13.8.6,с.Бескарагай,17.9,2027
13.8.7,с.Шамши,3.1,2027
13.8.8,с.Шабар,5.8,2027
13.8.9,с.Казантай,17.9,2027
13.8.10,с.Шоктал,13.8,2027
13.8.11,с.Тосагаш,19.5,2027
13.8.12,с.Ямышево,6.8,2027
13.8.13,с.Кызылкогам,5.4,2027
13.8.14,с.Тлектес,4.1,2027
13.4,район Тереңкөл,210.48,2026
13.9.1,с.Ынталы,7.8,2026
13.9.2,с.Кызылтан,4.6,2026
13.9.3,с.Тлеубай,24.6,2026
13.9.4,с.Зеленая Роща,6.7,2026
13.9.5,с.Осьмерыжск,3.7,2026
13.9.6,с.Жаскайрат,3.6,2026
13.9.7,с.Алтай бывш. Львовка,21.1,2026
13.9.8,с.Фрументьевка,17.9,2026
13.9.9,с. Аулиеагаш бывш. Воскресенка,12.4,2026
13.9.10,с.Аккайын бывш. Березовка,17.9,2026
13.9.11,с.Жанакурлыс,24.7,2026
13.9.12,с.Ивановка,8.4,2026
13.9.13,с.Первомайск,31.1,2026
13.9.14,с.Карасук,7.7,2026
13.9.15,с.Юбилейное,7.25,2026
13.9.16,с.Кызылдау,7.06,2026
13.9.17,с.Воронцовка,3.97,2026
13.5,Успенский район,138.39000000000001,2026
13.10.1,с.Белоусовка,14.1,2026
13.10.2,с.Каратай,19.5,2026
13.10.3,с.Новопокровка,7.2,2026
13.10.4,"с.Кызылагаш, бывш. Ольгино",17.1,2026
13.10.5,с.Тимирязево,23.9,2026
13.10.6,с.Дмитриевка,17.2,2026
13.10.7,с.Травянка,12.91,2026
13.10.8,с.Надаровка,11.8,2026
13.10.9,с.Ольховка,14.68,2026
13.6,Щербактинский район,375.67999999999995,2026
13.11.1,с.Сынтас,20.3,2026
13.11.2,с.Богодаровка,19.3,2026
13.11.3,с.Малиновка,12.5,2026
13.11.4,с.Назаровка,20.8,2026
13.11.5,с.Александровка,32.1,2026
13.11.6,с.Жанааул,12.2,2026
13.11.7,с.Алексеевка,15.5,2026
13.11.8,с.Галкино,25.7,2026
13.11.9,с.Арбаиген,27.1,2026
13.11.10,с.Чигириновка,5.6,2026
13.11.11,с.Кольбулак,7.9,2026
13.11.12,с.Сахновка,25.5,2026
13.11.13,с.Жылыбулак,13.8,2026
13.11.14,ст.Маралды,2.9,2026
13.11.15,с.Сосновка,22.3,2026
13.11.16,с.Заборовка,16.2,2026
13.11.17,с.Красиловка,27.2,2026
13.11.18,с.Садыкащи,35.8,2026
13.11.19,с.Есильбай,16.9,2026
13.11.20,ст.Куркамыс,5.03,2026
13.11.21,с.Ботабас,11.05,2026
14,Костанайская область,2439.376,
14.1,Алтынасаринский  район,257.4,2026
14.1.1,с.Зуевка,36.2,2026
14.1.2,с.Новониколаевка,9.6,2026
14.1.3,с.Осиповка,19.1,2026
14.1.4,с.Приозерное,23.8,2026
14.1.5,с.Танабаевское,19.4,2026
14.1.6,с.Воробьевское,19.5,2026
14.1.7,с.им.Ильяса Омарова,11.3,2026
14.1.8,с.Жанасу,6.4,2026
14.1.9,с.Докучаевка,29.2,2026
14.1.10,с.Шокай,18.9,2026
14.1.11,с.Первомайское,9.7,2026
14.1.12,с.Свердловка,13.1,2026
14.1.13,с.Сатай,18.6,2026
14.1.14,с.Темир Казык,20.9,2026
14.1.15,с.Коскудук,1.7,2026
14.2,"Амангельдинский район, г. Аркалык",324.9,2027
14.2.1,с.Есир,4.9,2027
14.2.2,с.Кемер,3.9,2027
14.2.3,с.Аксай,47,2027
14.2.4,с.Жалдама,4.4,2027
14.2.5,с.Агаштыколь,5.9,2027
14.2.6,с.Тасты,11.6,2027
14.2.7,с.Степняк,59.4,2027
14.2.8,с.Когалыколь,15.2,2027
14.2.10,с.Аккошкар,32.4,2027
14.2.11,с.Жалгызтал,3.7,2027
14.2.12,с.Абдиһаппан Хан,48.8,2027
14.2.13,с.Коктау,17.2,2027
14.2.14,с.Молодежное,14.7,2027
14.2.15,с.Матросово,17,2027
14.2.16,с.Уштобе,19.2,2027
14.2.17,с.Целинное,19.6,2027
14.2,Аулиекольский район,209.6,2026
14.3.1,с.Лесное,8.5,2026
14.3.2,с.Озерное,5.2,2026
14.3.3,с.Ушкарасу,20.8,2026
14.3.4,с.Баганалы,14.1,2026
14.3.5,с.Каракалпак,15.2,2026
14.3.6,с.Москалевка,17.3,2026
14.3.7,с.Лаврентьевка,4.9,2026
14.3.8,с.Новоселовка,8.8,2026
14.3.9,с.Аккудук,6.2,2026
14.3.10,с.Сосновка,5.6,2026
14.3.11,с.Федосеевка,9.5,2026
14.3.12,с.Харьковка,7.9,2026
14.3.13,с.Коктал,35.5,2026
14.3.14,с.К.Тургумбаева,50.1,2026
14.3,Федоровский район,393.45,2026
14.4.1,с.Владыкинка,3.6,2026
14.4.2,с.Копыченка,14.2,2026
14.4.3,с.Каракопа,3.6,2026
14.4.4,с.Цабелевка,7.9,2026
14.4.5,с.Вишневое,22.5,2026
14.4.6,с.Белояровка,16.6,2026
14.4.7,с.Алабутала,12.8,2026
14.4.8,с.Мирное,4.4,2026
14.4.9,с.Запасное,11.8,2026
14.4.10,с.Курское,18.3,2026
14.4.11,с.Лесное,34.8,2026
14.4.12,с.Кенарал,27.7,2026
14.4.13,с.Ленино,23.3,2026
14.4.14,с.Жанакой,11.7,2026
14.4.15,с.Заозерное,0.7,2026
14.4.16,с.Новошумное,30.9,2026
14.4.17,с.Первомайское,15.4,2026
14.4.18,с.Кравцово,4.4,2026
14.4.19,с.Балыкты,1.46,2026
14.4.20,с.Усаковка,2.95,2026
14.4.21,с.Лысановка,2.4,2026
14.4.22,с.Волковка,9.81,2026
14.4.23,с.Трактовое,23.91,2026
14.4.24,с.Чеховка,1.26,2026
14.4.25,с.Калиновка,9.2,2026
14.4.26,с.Малороссийка,22.36,2026
14.4.27,с.Затышенка,3.47,2026
14.4.28,с.Дубровка,26.31,2026
14.4.29,с.Дорожное,16.22,2026
14.4.30,с.Камышный Чандак,1.98,2026
14.4.31,с.Березовка,3.1,2026
14.4.32,с.Жыланды,4.42,2026
14.5,Узункольский район,266.40000000000003,2027
14.5.1,с.Павловка,20.8,2027
14.5.2,с.Отынагаш,13.4,2027
14.5.3,с.Миролюбовка,15.5,2027
14.5.4,с.Кировское,3.7,2027
14.5.5,с.Иваноровное,24.5,2027
14.5.6,с.Варваровка,22.5,2027
14.5.7,с.Белоглинка,19.2,2027
14.5.8,с.Убаган,17.1,2027
14.5.9,с.Укаткан,2.4,2027
14.5.10,с.Сокол,16.9,2027
14.5.11,с.Есмырза,1.6,2027
14.5.12,с.Абай,17.7,2027
14.5.13,с.Ксеньевка,1.4,2027
14.5.14,с.Моховое,6.9,2027
14.5.15,с.Волна,14.6,2027
14.5.16,с.Крутоярка,15.2,2027
14.5.17,с.Первомайка,4.3,2027
14.5.18,с.Речное,19.8,2027
14.5.19,с.Сибирка,14.5,2027
14.5.20,с.Воскресеновка,7.3,2027
14.5.21,с.Песчанка,7.1,2027
14.4,Денисовский район,210.6,2026
14.6.1,с.Гришенка,14.1,2026
14.6.2,с.Жалтырколь,14.8,2026
14.6.3,с.Архангельское,6.8,2026
14.6.4,с.Аршалы,15.7,2026
14.6.5,с.Георгиевка,8.9,2026
14.6.6,с.Набережное,7.6,2026
14.6.7,с.Комаровка,19.2,2026
14.6.8,с.Кочержиновка,10.3,2026
14.6.9,с.Красноармейское,4.6,2026
14.6.10,с.Покровка,22.8,2026
14.6.11,с.Досовка,33.2,2026
14.6.12,с.Приреченка,9.1,2026
14.6.13,с.Окраинка,20.9,2026
14.6.14,с.Свердловка,7.2,2026
14.6.15,с.Подгорное,6.5,2026
14.6.16,с.Алчановка,8.9,2026
14.7,Жангельдинский район,243.59999999999997,2027
14.7.1,с.Колкамыс,24.4,2027
14.7.2,с.Шеген,6.9,2027
14.7.3,с.Сарысу,59.4,2027
14.7.4,с.Шубалан,3.7,2027
14.7.5,с.Милысай,149.2,2027
14.8,Житикаринский район,175.24499999999998,2027
14.8.1,с.Тургеновка,3.8,2027
14.8.2,с.Шевченковка,42.4,2027
14.8.3,с. Муктиколь,61,2027
14.8.4,с.Приречное,32.2,2027
14.8.5,с.Степное,27.1,2027
14.8.6,с.Львовка,8.745,2027
14.9,Камыстинский район,286.214,2027
14.9.1,с.Ливановка,26.3,2027
14.9.2,с.Фрунзе,40.5,2027
14.9.3,с.Аралколь,43.4,2027
14.9.4,с.Уркаш,72.2,2027
14.9.5,с.Клочково,25.4,2027
14.9.6,с.Талдыколь,45.5,2027
14.9.7,с.Красногорское,32.914,2027
14.5,Карабалыкский район,315.0900000000001,2026
14.10.1,с.Босколь,27.8,2026
14.10.2,с.Лесное,17.4,2026
14.10.3,с.Михайловка,28.3,2026
14.10.4,с.Новотроицкое,18.6,2026
14.10.5,с.Магнай,15,2026
14.10.6,с.Приречное,37.4,2026
14.10.7,с.Победа,29.7,2026
14.10.8,с.Рыбкино,17.2,2026
14.10.9,с.Веренка,4.4,2026
14.10.10,с.Ворошиловка,3.2,2026
14.10.11,с.Гурьяновское,5.8,2026
14.10.12,с.Сарыколь,6.3,2026
14.10.13,с.Целинное,8.8,2026
14.10.14,с.Лесное,7.1,2026
14.10.15,с.Терентьевка,19.11,2026
14.10.16,с.Приуральское,2.96,2026
14.10.17,с.Ельшанское,8,2026
14.10.18,с.Котлованное,10.66,2026
14.10.19,с.Шадыксаевка,22.58,2026
14.10.20,с.Урнек,14.47,2026
14.10.21,с.Аккудук,10.31,2026
14.11,Карасуский район,230.89999999999998,2027
14.11.1,с.Айдарлы,4.3,2027
14.11.2,с.Герцено,11,2027
14.11.3,с.Жамбыл,23.9,2027
14.11.4,с.Павловское,20.2,2027
14.11.5,с.Комсомольское,18.3,2027
14.11.6,с.Новоселовка,36.4,2027
14.11.7,с.Амангельды,10.2,2027
14.11.8,с.Симферополь,7.2,2027
14.11.9,с.Теректы,48.2,2027
14.11.10,с.Прогресс,4.5,2027
14.11.11,с.Степное,12.4,2027
14.11.12,с.Майское,17.9,2027
14.11.13,с.Дружба,1.5,2027
14.11.14,с.Кызкеткен,1.8,2027
14.11.15,с.Корниловка,1.6,2027
14.11.16,с.Белозерка,0.7,2027
14.11.17,с.Зеленовка,0.7,2027
14.11.18,с.Маршановка,4,2027
14.11.19,с.Тучковка,1.5,2027
14.11.20,с.Черняевка,1.9,2027
14.11.21,с.Жумагул,2.7,2027
14.11.22,с.Ушаково,28.7,2027
14.6,"Костанайский район, г. Рудный",496.59999999999997,2026
14.12.1,с.Абай,7.5,2026
14.12.2,с.Новоселовка,7.7,2026
14.12.3,с.Осиновка,8.1,2026
14.12.4,с.Рыспай,14.6,2026
14.12.5,с.Талапкер,5.1,2026
14.12.6,с.Еңбек,10.4,2026
14.12.7,с.Жуковка,8.2,2026
14.12.8,с.имени И.Ф.Павлова,13.2,2026
14.12.9,с.Белозерка,20.6,2026
14.12.10,с.Балыкты,9.8,2026
14.12.11,с.Сергеевка,7.9,2026
14.12.12,с.Сормовка,9.9,2026
14.12.13,с.Қостомар,5.1,2026
14.12.14,с.Половниковка,16.1,2026
14.12.15,с.Ждановка,20.8,2026
14.12.16,с.Васильевка,10.9,2026
14.12.17,с.Кировка,10.3,2026
14.12.18,с.Арман,18.1,2026
14.12.19,с.Рязановка,18,2026
14.12.20,с.Шеминовское,13.2,2026
14.12.21,с.Светлый Жарколь,14.4,2026
14.12.22,с.Суриковка,7.3,2026
14.12.23,с.Шишкинское,25.2,2026
14.12.24,с.Самир,12.9,2026
14.12.25,с.Константиновка,22.5,2026
14.12.26,с.Лиманное,1.5,2026
14.12.27,с.Молокановка,19.4,2026
14.12.28,с.Нечаевка,15.7,2026
14.12.29,с.Рыбное,6.2,2026
14.12.30,с.Шоккарагай,35.9,2026
14.12.31,с.Ульяновское,24.6,2026
14.12.32,с.Бегежан,19.8,2026
14.12.33,с.Воскресеновка,23.7,2026
14.12.34,с.Степное,9,2026
14.12.35,с.Майалап,7.5,2026
14.12.36,с Горняцский,11.1,2026
14.12.37,с.Перцевка,4.4,2026
14.7,Мендыкаринский район,295.2,2026
14.13.1,с.Молодежное,12.7,2026
14.13.2,с.Алешинка,9.7,2026
14.13.3,с.Алкау,6.8,2026
14.13.4,с.Кызыл Ту,8.9,2026
14.13.5,с.Загаринка,20.5,2026
14.13.6,с.Красная Пресня,30.2,2026
14.13.7,с.Узынагаш,31.4,2026
14.13.8,с.Кульчукай,6.2,2026
14.13.9,с.Туленгут,16.7,2026
14.13.10,с.Коктерек,3.7,2026
14.13.11,с.Архиповка,14,2026
14.13.12,с.Борки,21.9,2026
14.13.13,с.Долбушка,8.3,2026
14.13.14,с.Ивановка,8.1,2026
14.13.15,с.Лесное,9.1,2026
14.13.16,с.Харьковское,12.5,2026
14.13.17,с.Каменскуральское,22.6,2026
14.13.18,с.Тенизовское,24.6,2026
14.13.19,с.Лоба,15.4,2026
14.13.20,с.Приозерное,3.3,2026
14.13.21,с.Сосна,2.2,2026
14.13.22,с.Чернышевка,5.1,2026
14.13.23,с.Шиели,1.3,2026
14.14,Наурзумский район,164.70000000000002,2027
14.14.1,с.Дамды,29.3,2027
14.14.2,с.Мереке,47.1,2027
14.14.3,с.Кожа,42.5,2027
14.14.4,с.Шили,33,2027
14.14.5,с.Жамбыл,2.4,2027
14.14.6,с.Кайга,10.4,2027
14.8,район Беимбета Майлина,261.436,2026
14.15.1,с.Баталы,21.4,2026
14.15.2,с.Варваринка,9.7,2026
14.15.3,с.Кызылжар,9.6,2026
14.15.4,с.Николаевка,3,2026
14.15.5,с.Кайындыколь,43.6,2026
14.15.6,с.Смайловка,23.1,2026
14.15.7,с.Максут,22.9,2026
14.15.8,с.Нагорное,15.5,2026
14.15.9,с.Набережное,6.4,2026
14.15.10,с.Аксуатское,4.5,2026
14.15.11,с.Богородское,5.1,2026
14.15.12,с.Валерьяновка,11.1,2026
14.15.13,с.Увальное,8.1,2026
14.15.14,с. Павловка,37,2026
14.15.15,с.Приозерное,25.6,2026
14.15.16,с.Майлин,3.258,2026
14.15.17,с.Приреченское,2.296,2026
14.15.18,с.Козыревка,7.046,2026
14.15.19,с.Оренбургское,2.236,2026
14.16,Сарыкольский район,188.49999999999997,2027
14.16.1,с.Комсомольское,10.5,2027
14.16.2,с.Большие Дубравы,17.6,2027
14.16.3,с.Севастополь,3.5,2027
14.16.4,с.Дубинка,7.4,2027
14.16.5,с.Сорочинка,8.7,2027
14.16.6,с.Крыловка,21.3,2027
14.16.7,с.Островное,11.5,2027
14.16.8,с.Новое,21.4,2027
14.16.9,с.Караоба,6.1,2027
14.16.10,с.Тагильское,8.1,2027
14.16.11,с.Соналы,18.4,2027
14.16.12,с.Урожайное,19.6,2027
14.16.13,с.Ананьевка,7.6,2027
14.16.14,с.Ермаковка,6.6,2027
14.16.15,с.Косколь,10.5,2027
14.16.16,с.Ленинское,1.6,2027
14.16.17,с.Чапаевка,8.1,2027
15,Область Жетысу,1083.0570000000002,
15.1,Аксуский район,393,2026
15.1.1,с.Алтынарык,16,2026
15.1.2,с.Кокжайдак,6.5,2026
15.1.3,с.Казахстан,1,2026
15.1.4,с.Шолакозек,12.5,2026
15.1.5,с.Кызылжар,7,2026
15.1.6,с.Кызылкайын,10,2026
15.1.7,с.Энергетик,4.5,2026
15.1.8,с.Жаналык,15.5,2026
15.1.9,с.Колтабан,12.5,2026
15.1.10,с.Каракоз,15.5,2026
15.1.11,с.Кенкарын,17,2026
15.1.12,с.Кенжыра,8,2026
15.1.13,с.Енбек,12,2026
15.1.14,с.Тарас,19,2026
15.1.15,с.Карашилик,12,2026
15.1.16,с.Сагакурес,16,2026
15.1.17,с.Заречное,7.5,2026
15.1.18,с.Копа,22.5,2026
15.1.19,с.Кураксу,107,2026
15.1.20,с.Ойтоган,28,2026
15.1.21,с.Актобе,17,2026
15.1.22,с.Ащыбулак,11,2026
15.1.23,с.Казсельхозтехника,4,2026
15.1.24,с.Копалы,11,2026
15.2,Алакольский район,108.32000000000002,2027
15.2.1,с.Коныр,16.2,2027
15.2.2,с.Сапак,2.75,2027
15.2.3,с.Бибакан,3.3,2027
15.2.4,с.Ушкаиын,4.1,2027
15.2.5,с.Старая Жанама,4.6,2027
15.2.6,с.Кокжар,9.5,2027
15.2.7,с.Шынжылы,11,2027
15.2.8,с.Кайнар,14.25,2027
15.2.9,с.Алемды,1.4,2027
15.2.10,с.Будыр,1.62,2027
15.2.11,с.Жамбыл,2.75,2027
15.2.12,с.Каратума,6.85,2027
15.2.13,с.Кенес,3.15,2027
15.2.14,МТФ 3,0.65,2027
15.2.15,с.Чимбулак,21.7,2027
15.2.16,с.Талдыбулак,3.5,2027
15.2.17,с.Айпара,1,2027
15.2,Ескельдинский район,110.545,2026
15.3.1,с.Абай,7.76,2026
15.3.2,с.Оркусак,4.1,2026
15.3.3,с.Жаналык,6.75,2026
15.3.4,с.Жастар,2.8,2026
15.3.5,с.Отенай,7.05,2026
15.3.6,с.Бигаш,2.12,2026
15.3.7,с.Боктерли,6.2,2026
15.3.8,с.Тенлик,16.18,2026
15.3.9,с.Кайнарлы,5.45,2026
15.3.10,с.Актасты,5.4,2026
15.3.11,с.Коржымбай,9,2026
15.3.12,с.Теректы,11.9,2026
15.3.13,с.Коктобе,8.1,2026
15.3.14,с.Екпенди,5.4,2026
15.3.15,с.Жендик,7.7,2026
15.3.16,с.Акешки,2.55,2026
15.3.17,с.Актума,2.085,2026
15.3,Каратальский район,256.65000000000003,2026
15.4.1,с.Ушкомей,5.75,2026
15.4.2,с.Умтул,10.35,2026
15.4.3,с.Кокдала,13.75,2026
15.4.4,с.Акжар,105.95,2026
15.4.5,с.Дойыншы,4.1,2026
15.4.6,с. Бастобе,2.05,2026
15.4.7,с.Карашенгель,10.8,2026
15.4.8,с.Копбирлик,29.15,2026
15.4.9,с.Жылыбулак,13.9,2026
15.4.10,с.Киши Тобе,13,2026
15.4.11,с.Айту,3.5,2026
15.4.12,с.Жасталап,12,2026
15.4.13,с.Кожбан,6.75,2026
15.4.14,с.Айдар,3.65,2026
15.4.15,с.Ойсаз,0.85,2026
15.4.16,с.Бесагаш,4.2,2026
15.4.17,с.Бирлик,10.45,2026
15.4.18,с.Кайнар,6.45,2026
15.4,"Кербулакский район, Коксуский район",322.8620000000001,2026
15.5.1,с.Байгазы,12,2026
15.5.2,с.Карлыгаш,4.6,2026
15.5.3,с.Кызылшкол,8.9,2026
15.5.4,с.Тастыбастау,3,2026
15.5.5,с.Актобе,6,2026
15.5.6,с.Нурум,2.3,2026
15.5.7,с.Жайнак батыра,3,2026
15.5.8,с.Акбастау,4.1,2026
15.5.9,с.Доланалы,9.3,2026
15.5.10,с.Карымсак,9.4,2026
15.5.11,с.Бериктас,14,2026
15.5.12,с.Коктал,4.7,2026
15.5.13,с.Косагаш,8.2,2026
15.5.14,с.Архарлы,7.9,2026
15.5.15,с.Кайнарлы,6.4,2026
15.5.16,с.Коксай,2.2,2026
15.5.17,с.Сайлыколь,10.4,2026
15.5.18,с.Шаган,9.8,2026
15.5.19,с.Куренбел,8.3,2026
15.5.20,с.Желдикара,6,2026
15.5.21,с.Шилису,9.3,2026
15.5.22,с.Архарлы,5.5,2026
15.5.23,с.Малайсары,13,2026
15.5.24,ферма 3 Казансу,18,2026
15.5.25,Ферма 1 Шилису,2.7,2026
15.5.26,с.Майтобе,3.3,2026
15.5.27,с.Аралтобе,12.7,2026
15.5.28,с.Онжас,10.7,2026
15.5.29,с.Коноваловка,8,2026
15.5.30,с.Самен,0.3,2026
15.5.31,ст.Жоламан,2,2026
15.5.32,Подхоз ПЧ-45,5.4,2026
15.5.33,с.Кенерал,6.5,2026
15.5.34,с.Маулимбай,18.1,2026
15.5.35,с.Актекше,25.8,2026
15.5.36,с.Жетыжал,5.55,2026
15.5.37,с.50 лет Казахстана,17.181,2026
15.5.38,с.Муканши,3.214,2026
15.5.39,с.Муканшы,9.1,2026
15.5.40,с.Надиризбек,6.017,2026
15.6,Панфиловский район,124.89999999999999,2027
15.6.1,с.Дарбазакум,3.2,2027
15.6.2,с.Сарпылдак,6.5,2027
15.6.3,с.Шижин,16.2,2027
15.6.4,с.Суптай,6.1,2027
15.6.5,с.Аккудык,5.8,2027
15.6.6,с.Кермеагаш,9.5,2027
15.6.7,с.Сарытобе,8.5,2027
15.6.8,с.Борибай би,6.9,2027
15.6.9,с.Ынталы,27.5,2027
15.6.10,с.Коктал-Арасан,12.6,2027
15.6.11,с.Аккент,2.5,2027
15.6.12,с.Акарал,3.7,2027
15.6.13,с.Кызылжиде,8.9,2027
15.6.14,с.Жидели,7,2027
15.7,Саркандский район,189.95,2027
15.7.1,с.Бирлик,9.3,2027
15.7.2,с.Аманбоктер,18.5,2027
15.7.3,с.Пограничник,13.2,2027
15.7.4,с.Кокозек,22.2,2027
15.7.5,с.Караултобе,16.4,2027
15.7.6,с.Какимжан,3,2027
15.7.7,с.Таскудык,4.8,2027
15.7.8,с.Тополевка,21,2027
15.7.9,с.Еркин,2.25,2027
15.7.10,с.им.М.Тулебаева,6.4,2027
15.7.11,с.Шубартубек,52,2027
15.7.12,с.Ульга,1,2027
15.7.13,с.Аккайын,2.2,2027
15.7.14,с.Ешкиолмес,1,2027
15.7.15,с.Шатырбай,16.7,2027
16,Мангистауская область,64,
16.1,"Бейнеуский район, Мангистауский район",64,2026
16.1.1,с.Ногайты,25,2026
16.1.2,с.Баскудук,35,2026
16.1.3,с.Тиген,4,2026
17,Актюбинская область,1886.06,
17.1,Айтекебийский район,311.59999999999997,2027
17.1.1,с.Акколь,35.1,2027
17.1.2,с.Актасты,19.4,2027
17.1.3,с.Киякты,33.7,2027
17.1.4,с.Милысай,28.4,2027
17.1.5,Отделение Улгайсын,22,2027
17.1.6,с.Аралтобе,7.2,2027
17.1.7,с.Жабасак,44.7,2027
17.1.8,с.Талдык,52.7,2027
17.1.9,с.Белкопа,5.1,2027
17.1.10,с.Енбекту,2.9,2027
17.1.11,с.Жароткель,5.9,2027
17.1.12,с.Сулуколь,14.5,2027
17.1.13,с.Ушкатты,40,2027
17.1,Алгинский район,255.89999999999995,2026
17.2.1,с.Бескоспа,12.5,2026
17.2.2,с. Каракудык,12.4,2026
17.2.3,с.Коктогай,9.4,2026
17.2.4,с.Тиккайын,10.2,2026
17.2.5,с.Акай,16.5,2026
17.2.6,с.Кольтабан,14.2,2026
17.2.7,с.Жеруйык,5.8,2026
17.2.8,с.Самбай,15.6,2026
17.2.9,с.Нурбулак,16.2,2026
17.2.10,с.Карахобда,17.6,2026
17.2.11,с.Кайындысай,4.2,2026
17.2.12,с.Сарыхобда,25,2026
17.2.13,с.Болгарка,20.7,2026
17.2.14,с.Еркинкуш,7.5,2026
17.2.15,с.Талдысай,10.7,2026
17.2.16,с.Токмансай,52.3,2026
17.2.17,с.Кайнар,5.1,2026
17.3,Байганинский район,269,2027
17.3.1,с.Кокбулак,4.4,2027
17.3.2,с.Косарал,21.4,2027
17.3.3,с.Жаркамыс,99.1,2027
17.3.4,с.Кораши,15.4,2027
17.3.5,с.Ебейти,3.7,2027
17.3.6,с.Копа,2.3,2027
17.3.7,с.Кемерши,62,2027
17.3.8,с.Баршакум,60.7,2027
17.4,Иргизский район,266.6,2027
17.4.1,с.Акши,15.6,2027
17.4.2,с.Аманколь,17.6,2027
17.4.3,с.Жарма,15.6,2027
17.4.4,с.Каракудык,88.1,2027
17.4.5,с. Жаныс би,25.4,2027
17.4.6,с.Шенбертал,15.2,2027
17.4.7,с.Белшер,24.4,2027
17.4.8,с.Дукен,27,2027
17.4.9,с.Мамыр,32.4,2027
17.4.9,с.Карасай,5.3,2027
17.2,Каргалинский район,104.96000000000001,2026
17.5.1,с.Бозтобе,26.3,2026
17.5.2,с.Акжайык,16.2,2026
17.5.3,с.Кемпирсай,2.9,2026
17.5.4,с.Степное,45.5,2026
17.5.5,с.Кайракты,2,2026
17.5.6,с.Преображеновка,3.06,2026
17.5.7,с.Акколь,9,2026
17.3,Мартукский район,324.99999999999994,2026
17.6.1,с.Кумсай,12.3,2026
17.6.2,с.Дмитриевка,3.6,2026
17.6.3,с.Покровка,12.1,2026
17.6.4,с.Полтавка,16.5,2026
17.6.5,с.Хазретовка,38,2026
17.6.6,с.Кокпекти,30.1,2026
17.6.7,с.Каратаусай,18.5,2026
17.6.8,с.Аккайын,12.8,2026
17.6.9,с.Кызылжар,14,2026
17.6.10,с.Борте,21.7,2026
17.6.11,с.Шевченко,17.7,2026
17.6.12,с.Байнассай,18.5,2026
17.6.13,с.Акмоласай,17,2026
17.6.14,с.Вознесеновка,17,2026
17.6.15,с.Достык,25,2026
17.6.16,с.Курмансай,30.5,2026
17.6.17,с.Егизата,19.7,2026
17.4,Мугалжарский район,334.6,2026
17.7.1,с.Жарык,15.5,2026
17.7.2,с.Елек,5,2026
17.7.3,с.Котибар,16,2026
17.7.4,с.Аксу,35.4,2026
17.7.5,с.Сабындыколь,22.6,2026
17.7.6,с.Кожасай,48.4,2026
17.7.7,с.Сага,5.5,2026
17.7.8,с.Басшили,6.6,2026
17.7.9,с. Темир-Мост,2.7,2026
17.7.10,с.Караколь,21.5,2026
17.7.11,с.Жанатурмыс,24.8,2026
17.7.12,с.Кайынды,82.6,2026
17.7.13,с.Кумжарган,9.4,2026
17.7.14,с.Шенгельши,4.5,2026
17.7.15,с.Талдысай,34.1,2026
17.5,Темирский район,220.3,2026
17.8.1,с.Жамбыл,32.5,2026
17.8.2,с.Шыгырлы,40.1,2026
17.8.3,с.Енбекши,20.1,2026
17.8.4,с.Сарытогай,33,2026
17.8.5,с.Кумкудык ,10.2,2026
17.8.6,с.Бабатай ,14.8,2026
17.8.7,ст.Калмаккырылган ,4.1,2026
17.8.8,с.Копа ,13,2026
17.8.9,с.Кумсай ,2.5,2026
17.8.10,с.Таскопа ,34.7,2026
17.8.11,ст.Жаксымай,3.3,2026
17.8.12,с. Бирлик,12,2026
17.9,Уилский район,206.4,2027
17.9.1,с.Акшатау,20.3,2027
17.9.2,с.Каракемер,16.3,2027
17.9.3,с.Карасу,33,2027
17.9.4,с.Кумжарган,21.9,2027
17.9.5,с.Коптогай,26.4,2027
17.9.6,с.Аманкельды,14.8,2027
17.9.7,с.Карасу,18,2027
17.9.8,с.Шубарши,14.7,2027
17.9.9,с.Аккемер,17,2027
17.9.10,с.Шикудук,8.7,2027
17.9.11,с.Караколь,15.3,2027
17.6, Хобдинский район,303.70000000000005,2026
17.10.1,с.Курсай,28,2026
17.10.2,с.Акраб,18.5,2026
17.10.3,с.Бестау,17.3,2026
17.10.4,с.Сарбулак,28.6,2026
17.10.5,с.Булак,19.7,2026
17.10.6,с.им.Имангали Билтабанова,17,2026
17.10.7,с.Косоткель,10.4,2026
17.10.8,с.Жарсай,15.1,2026
17.10.9,с.Аксай,15.1,2026
17.10.10,с.Жарык,7.3,2026
17.10.11,с.Кызылжар,22.1,2026
17.10.12,с.Каракемер,11.3,2026
17.10.13,с.Егиндибулак,8.7,2026
17.10.14,с.Отек,17.4,2026
17.10.15,с.Кок Уй,22.3,2026
17.10.16,с.Когалы,7.5,2026
17.10.17,с.Терисаккан,12.8,2026
17.10.18,с.Жанаталап,24.6,2026
17.7,Хромтауский район,341.6,2026
17.11.1,с.Абай,11.6,2026
17.11.2,с.Карлау,4.1,2026
17.11.3,с.Онгар,8.7,2026
17.11.4,с.Майтобе,21.3,2026
17.11.5,с.Аккудык,30.9,2026
17.11.6,с.Коктау,23,2026
17.11.7,с.Копа,28.2,2026
17.11.8,с.Тамды,28.9,2026
17.11.9,с.Кудуксай,18.2,2026
17.11.10,с.Сарысай,14.8,2026
17.11.11,с.Кызылсу,32,2026
17.11.12,ст.Жазык,2.8,2026
17.11.13,с.Табантал,30.5,2026
17.11.14,с.Тассай,32.6,2026
17.11.15,с.Тасоткель,39,2026
17.11.16,с.Акбулак,15,2026
17.12,Шалкарский район,352.69999999999993,2027
17.12.1,с.Бегимбет,6.3,2027
17.12.2,с.Есетата,16.9,2027
17.12.3,с.Котртас,6.5,2027
17.12.4,с.Бозой,112,2027
17.12.5,с.Канбакты,45.3,2027
17.12.6,с.Алабас,12.7,2027
17.12.7,с.Сарсай,5.7,2027
17.12.8,с.Байкадам,4.9,2027
17.12.9,с.Аккайтым,4.6,2027
17.12.10,с.Копасор,35.7,2027
17.12.11,с.Карашокат,4.8,2027
17.12.12,с.Шокысу,5.3,2027
17.12.13,с.Тогыз,4.4,2027
17.12.14,с.Жылан,4.2,2027
17.12.15,с.Копмула,3.7,2027
17.12.16,с.Жылтыр,5.7,2027
17.12.17,с.Тумалыколь,32,2027
17.12.18,с.Талдыкум,42,2027
